{"is_source_file": false, "format": "", "description": "", "external_files": [], "external_methods": [], "published": [], "classes": [], "methods": [], "calls": [], "search-terms": [], "state": 2, "file_id": 41, "knowledge_revision": 111, "git_revision": "4a50de6d73674bdb2a2c1c3e6f2d5de4d1eb3fbb", "hash": "cf56261d2c90edeb98c6c971bfc87028", "format-version": 4, "code-base-name": "frontend_app", "filename": "frontend_app/src/components/Pagination/Pagination.module.css", "revision_history": [{"111": "4a50de6d73674bdb2a2c1c3e6f2d5de4d1eb3fbb"}]}