{"is_source_file": true, "format": "TypeScript/JSX", "description": "Main entry point for a React application, setting up the root rendering of the app.", "external_files": ["react", "react-dom/client", "./index.css", "./App"], "external_methods": ["ReactDOM.createRoot", "React.StrictMode", "ReactDOM.render"], "published": ["React", "ReactDOM", "App"], "classes": [], "methods": [{"name": "ReactDOM.createRoot", "description": "Creates a root for rendering React components into the DOM."}, {"name": "React.StrictMode", "description": "A tool for highlighting potential problems in an application."}], "calls": ["ReactDOM.createRoot", "render"], "search-terms": ["main.tsx", "ReactDOM", "React.StrictMode", "react", "index.css", "App"], "state": 2, "file_id": 17, "knowledge_revision": 37, "git_revision": "", "ctags": [], "hash": "a3310fe9f067b44e15c496f3dac8702b", "format-version": 4, "code-base-name": "frontend_app", "filename": "frontend_app/src/main.tsx", "revision_history": [{"37": ""}]}