{"is_source_file": false, "format": "", "description": "", "external_files": [], "external_methods": [], "published": [], "classes": [], "methods": [], "calls": [], "search-terms": [], "state": 2, "file_id": 1, "knowledge_revision": 145, "git_revision": "07bb78d5536b41089a81393a98c9197bdf354c12", "hash": "319a4dbd2a76dbc50897a0aea54f5a34", "format-version": 4, "code-base-name": "frontend_app", "filename": "frontend_app/package.json", "revision_history": [{"145": "07bb78d5536b41089a81393a98c9197bdf354c12"}]}