{"is_source_file": false, "format": "", "description": "", "external_files": [], "external_methods": [], "published": [], "classes": [], "methods": [], "calls": [], "search-terms": [], "state": 2, "file_id": 22, "knowledge_revision": 128, "git_revision": "64a25b2f0834ee5bfe178821a1ee6bda1930ebe8", "hash": "0757c3375483a42de38cc57fa0ed18e8", "format-version": 4, "code-base-name": "frontend_app", "filename": "frontend_app/src/layouts/AppLayout.module.css", "revision_history": [{"128": "64a25b2f0834ee5bfe178821a1ee6bda1930ebe8"}]}