{"is_source_file": true, "format": "TypeScript", "description": "This file defines the root reducer for a Redux store in a TypeScript-based frontend application, combining feature-specific reducers and exporting the combined state type.", "external_files": ["@reduxjs/toolkit", "../features/auth/authSlice"], "external_methods": ["combineReducers"], "published": ["rootReducer", "RootState"], "classes": [], "methods": [{"name": "rootReducer", "description": "The combined reducer for the application's Redux store."}, {"name": "RootState", "description": "Type representing the overall state shape of the Redux store."}], "calls": ["combineReducers"], "search-terms": ["rootReducer", "combineReducers", "authReducer", "Redux", "TypeScript", "state", "slice"], "state": 2, "file_id": 33, "knowledge_revision": 89, "git_revision": "6bef831816c355a23923c6c65f8ce2159c3be375", "revision_history": [{"78": ""}, {"89": "6bef831816c355a23923c6c65f8ce2159c3be375"}], "ctags": [{"_type": "tag", "name": "RootState", "path": "/home/kavia/workspace/code-generation/secure-user-authentication-platform-230652-230661/frontend_app/src/store/rootReducer.ts", "pattern": "/^export type RootState = ReturnType<typeof rootReducer>;$/", "language": "TypeScript", "kind": "alias"}, {"_type": "tag", "name": "rootReducer", "path": "/home/kavia/workspace/code-generation/secure-user-authentication-platform-230652-230661/frontend_app/src/store/rootReducer.ts", "pattern": "/^export const rootReducer = combineReducers({$/", "language": "TypeScript", "kind": "constant"}], "hash": "cbb5913d5bc05f82f3f5827480c8358e", "format-version": 4, "code-base-name": "frontend_app", "filename": "frontend_app/src/store/rootReducer.ts"}