{"is_source_file": false, "format": "", "description": "", "external_files": [], "external_methods": [], "published": [], "classes": [], "methods": [], "calls": [], "search-terms": ["RegisterPage", "CSS module", "styles", "form", "button", "input"], "state": 2, "file_id": 28, "knowledge_revision": 97, "git_revision": "f7618251e9cfd7c5afeba39ccb125336df81bdfd", "hash": "a6219c973c1e7fd2ce08ba3a85cc865a", "format-version": 4, "code-base-name": "frontend_app", "filename": "frontend_app/src/pages/Register/RegisterPage.module.css", "revision_history": [{"97": "f7618251e9cfd7c5afeba39ccb125336df81bdfd"}]}