{"is_source_file": true, "format": "TypeScript (TSX)", "description": "This file defines a React functional component 'AppLayout' which provides the main layout structure for a web application, including header navigation, main content area, and footer. It handles user authentication state to toggle between logged-in and logged-out views, and manages logout functionality.", "external_files": ["../auth/tokenStorage", "../store/hooks", "../features/auth/authSlice", "./AppLayout.module.css", "react", "react-router-dom"], "external_methods": ["isAuthenticated", "clearAuthToken", "useAppDispatch", "logoutRequested", "useNavigate", "NavLink", "Outlet"], "published": ["AppLayout", "AppLayoutProps"], "classes": [], "methods": [{"name": "AppLayout", "description": "React functional component that renders the application's main layout with navigation links, header, footer, and outlet for nested routes."}], "calls": ["useNavigate", "useAppDispatch", "isAuthenticated", "clearAuthToken", "dispatch", "logoutRequested", "navigate", "styles.<className>"], "search-terms": ["AppLayout", "Header navigation", "React Router NavLink", "authentication state", "logout handler", "CSS modules"], "state": 2, "file_id": 21, "knowledge_revision": 129, "git_revision": "64a25b2f0834ee5bfe178821a1ee6bda1930ebe8", "revision_history": [{"60": "ea959781a9fd3d2bf64f7d2ac2993f6adf13af80"}, {"129": "64a25b2f0834ee5bfe178821a1ee6bda1930ebe8"}], "ctags": [], "hash": "4bf3701aa24252af4bcc37857a7d0c15", "format-version": 4, "code-base-name": "frontend_app", "filename": "frontend_app/src/layouts/AppLayout.tsx"}