{"is_source_file": true, "format": "TypeScript", "description": "This file defines the root reducer for a Redux store in a React application, using @reduxjs/toolkit. It combines individual feature slices (currently none added) and exports the RootState type.", "external_files": ["@reduxjs/toolkit"], "external_methods": ["combineReducers"], "published": ["rootReducer", "RootState"], "classes": [], "methods": [{"name": "rootReducer", "description": "The combined reducer for the Redux store, currently an empty object."}, {"name": "RootState", "description": "Type representing the overall state structure derived from rootReducer."}], "calls": ["combineReducers"], "search-terms": ["rootReducer", "combineReducers", "redux", "store", "slice", "TypeScript", "src/store/rootReducer.ts"], "state": 2, "file_id": 33, "knowledge_revision": 78, "git_revision": "", "ctags": [{"_type": "tag", "name": "RootState", "path": "/home/kavia/workspace/code-generation/secure-user-authentication-platform-230652-230661/frontend_app/src/store/rootReducer.ts", "pattern": "/^export type RootState = ReturnType<typeof rootReducer>;$/", "language": "TypeScript", "kind": "alias"}, {"_type": "tag", "name": "rootReducer", "path": "/home/kavia/workspace/code-generation/secure-user-authentication-platform-230652-230661/frontend_app/src/store/rootReducer.ts", "pattern": "/^export const rootReducer = combineReducers({});$/", "language": "TypeScript", "kind": "constant"}], "hash": "18ff35428318ea314b5166ca7498654c", "format-version": 4, "code-base-name": "frontend_app", "filename": "frontend_app/src/store/rootReducer.ts", "revision_history": [{"78": ""}]}