{"is_source_file": true, "format": "TypeScript (React TSX)", "description": "This file is the root component of a React application, setting up the routing structure, layout, and initial authentication rehydration logic.", "external_files": ["./components", "./layouts/AppLayout", "./routes/ProtectedRoute", "./pages/Login/LoginPage", "./pages/Register/RegisterPage", "./pages/Dashboard/DashboardPage", "./pages/Events/EventsPage", "./store/hooks", "./features/auth/authSlice", "./App.css"], "external_methods": ["useAppDispatch", "authRehydrateRequested"], "published": ["App"], "classes": [], "methods": [{"name": "App", "description": "Main functional component establishing application routes and layout with side-effects for rehydrating authentication state."}], "calls": ["useAppDispatch", "authRehydrateRequested", "dispatch", "ErrorBoundary", "Routes", "Route", "Navigate"], "search-terms": ["React", "Routing", "ProtectedRoute", "Authentication", "SPA", "useEffect", "AppLayout", "ErrorBoundary"], "state": 2, "file_id": 18, "knowledge_revision": 137, "git_revision": "8ee4bc2e2199a7fd145b0319178540d3808a6eac", "revision_history": [{"38": ""}, {"56": "ea959781a9fd3d2bf64f7d2ac2993f6adf13af80"}, {"116": "4a50de6d73674bdb2a2c1c3e6f2d5de4d1eb3fbb"}, {"133": "4a50de6d73674bdb2a2c1c3e6f2d5de4d1eb3fbb"}, {"137": "8ee4bc2e2199a7fd145b0319178540d3808a6eac"}], "ctags": [], "hash": "3c3894e69fda20a2248db8c88b811a4b", "format-version": 4, "code-base-name": "frontend_app", "filename": "frontend_app/src/App.tsx"}