{"is_source_file": true, "format": "JavaScript (or TypeScript) test file", "description": "A test setup file for configuring jest-dom matchers in a frontend project, providing custom assertions for DOM node testing.", "external_files": ["@testing-library/jest-dom"], "external_methods": [], "published": [], "classes": [], "methods": [], "calls": ["import '@testing-library/jest-dom'"], "search-terms": ["setupTests.js", "jest-dom", "testing", "jest"], "state": 2, "file_id": 5, "knowledge_revision": 20, "git_revision": "950cc8a4ece4e2bdf6c4b22e9b16e865f69f039f", "ctags": [], "hash": "1a77571e1a8cf36018a41bcedf60db75", "format-version": 4, "code-base-name": "frontend_app", "filename": "frontend_app/src/setupTests.js", "revision_history": [{"20": "950cc8a4ece4e2bdf6c4b22e9b16e865f69f039f"}]}