{"is_source_file": false, "format": "", "description": "", "external_files": [], "external_methods": [], "published": [], "classes": [], "methods": [], "calls": [], "search-terms": [], "state": 2, "file_id": 26, "knowledge_revision": 95, "git_revision": "ea959781a9fd3d2bf64f7d2ac2993f6adf13af80", "hash": "8675360b367014f3ece46fa61f62d1ad", "format-version": 4, "code-base-name": "frontend_app", "filename": "frontend_app/src/pages/Login/LoginPage.module.css", "revision_history": [{"95": "ea959781a9fd3d2bf64f7d2ac2993f6adf13af80"}]}