{"is_source_file": true, "format": "TypeScript", "description": "This file provides utility functions for managing authentication tokens stored in localStorage, including retrieving, setting, checking authentication status, and clearing the token.", "external_files": ["window.localStorage"], "external_methods": ["window.localStorage.getItem", "window.localStorage.setItem", "window.localStorage.removeItem"], "published": ["AUTH_TOKEN_STORAGE_KEY", "getAuthToken", "isAuthenticated", "setAuthToken", "clearAuthToken"], "classes": [], "methods": [{"name": "export function getAuthToken(): string | null { getAuthToken", "description": "Reads the current auth token from localStorage, returning the token string or null if not present.", "scope": "", "scopeKind": ""}, {"name": "export function isAuthenticated(): boolean { isAuthenticated", "description": "Checks if the user is authenticated based on the presence of an auth token in localStorage.", "scope": "", "scopeKind": ""}, {"name": "export function setAuthToken(token: string): void { setAuthToken", "description": "Stores an auth token in localStorage.", "scope": "", "scopeKind": ""}, {"name": "export function clearAuthToken(): void { clearAuthToken", "description": "Removes the auth token from localStorage.", "scope": "", "scopeKind": ""}], "calls": ["window.localStorage.getItem", "window.localStorage.setItem", "window.localStorage.removeItem"], "search-terms": ["auth token storage", "localStorage auth management", "token retrieval", "token setting", "authentication check"], "state": 2, "file_id": 19, "knowledge_revision": 58, "git_revision": "ea959781a9fd3d2bf64f7d2ac2993f6adf13af80", "ctags": [{"_type": "tag", "name": "AUTH_TOKEN_STORAGE_KEY", "path": "/home/kavia/workspace/code-generation/secure-user-authentication-platform-230652-230661/frontend_app/src/auth/tokenStorage.ts", "pattern": "/^export const AUTH_TOKEN_STORAGE_KEY = \"auth_token\";$/", "language": "TypeScript", "kind": "constant"}, {"_type": "tag", "name": "clearAuthToken", "path": "/home/kavia/workspace/code-generation/secure-user-authentication-platform-230652-230661/frontend_app/src/auth/tokenStorage.ts", "pattern": "/^export function clearAuthToken(): void {$/", "language": "TypeScript", "kind": "function"}, {"_type": "tag", "name": "getAuthToken", "path": "/home/kavia/workspace/code-generation/secure-user-authentication-platform-230652-230661/frontend_app/src/auth/tokenStorage.ts", "pattern": "/^export function getAuthToken(): string | null {$/", "language": "TypeScript", "kind": "function"}, {"_type": "tag", "name": "isAuthenticated", "path": "/home/kavia/workspace/code-generation/secure-user-authentication-platform-230652-230661/frontend_app/src/auth/tokenStorage.ts", "pattern": "/^export function isAuthenticated(): boolean {$/", "language": "TypeScript", "kind": "function"}, {"_type": "tag", "name": "setAuthToken", "path": "/home/kavia/workspace/code-generation/secure-user-authentication-platform-230652-230661/frontend_app/src/auth/tokenStorage.ts", "pattern": "/^export function setAuthToken(token: string): void {$/", "language": "TypeScript", "kind": "function"}], "hash": "7e0e45258a7bea1a6501920210e1ade0", "format-version": 4, "code-base-name": "frontend_app", "filename": "frontend_app/src/auth/tokenStorage.ts", "revision_history": [{"58": "ea959781a9fd3d2bf64f7d2ac2993f6adf13af80"}]}