{"is_source_file": true, "format": "TypeScript (TSX)", "description": "A React component page displaying a list of events with mock data, styled with CSS modules, and wrapped in a PageShell component.", "external_files": ["../../components/PageShell/PageShell", "./EventsPage.module.css"], "external_methods": [], "published": ["EventsPage"], "classes": [], "methods": [{"name": "EventsPage", "description": "React functional component rendering a protected events list page with mock data."}], "calls": ["React.JSX.Element", "PageShell", "MOCK_EVENTS.map"], "search-terms": ["EventsPage", "React", "PageShell", "mock events", "TypeScript", "EventsPage.module.css", "protected page"], "state": 2, "file_id": 31, "knowledge_revision": 70, "git_revision": "ea959781a9fd3d2bf64f7d2ac2993f6adf13af80", "ctags": [], "hash": "e34b51aebf06138ee41b2f74c305fc19", "format-version": 4, "code-base-name": "frontend_app", "filename": "frontend_app/src/pages/Events/EventsPage.tsx", "revision_history": [{"70": "ea959781a9fd3d2bf64f7d2ac2993f6adf13af80"}]}