{"is_source_file": false, "format": "", "description": "", "external_files": [], "external_methods": [], "published": [], "classes": [], "methods": [], "calls": [], "search-terms": [], "state": 2, "file_id": 22, "knowledge_revision": 61, "git_revision": "ea959781a9fd3d2bf64f7d2ac2993f6adf13af80", "hash": "8602b52077201649d7cd458a9234fe00", "format-version": 4, "code-base-name": "frontend_app", "filename": "frontend_app/src/layouts/AppLayout.module.css", "revision_history": [{"61": "ea959781a9fd3d2bf64f7d2ac2993f6adf13af80"}]}