{"is_source_file": true, "format": "TypeScript (TSX)", "description": "This file defines a React functional component named 'Loader' that displays a spinner indicator. It supports different visual variants ('inline' or 'fullscreen') and accessibility features such as aria labels. The component also allows customization through props like 'show', 'label', 'ariaLabel', and 'className'.", "external_files": ["./Loader.module.css"], "external_methods": [], "published": ["Loader", "LoaderVariant", "LoaderProps"], "classes": [], "methods": [{"name": "Loader", "description": "React functional component that renders a loading indicator with optional full-screen or inline variants based on props."}], "calls": ["React", "styles.fullScreenOverlay", "styles.fullScreenPanel", "styles.spinner", "styles.label", "styles.srOnly"], "search-terms": ["Loader", "React component", "spinner", "loading indicator", "fullscreen overlay", "inline loader", "accessibility", "ARIA", "props", "LoaderProps"], "state": 2, "file_id": 44, "knowledge_revision": 118, "git_revision": "4a50de6d73674bdb2a2c1c3e6f2d5de4d1eb3fbb", "ctags": [], "hash": "1491ccd0ddc074975d64f47ac64612ac", "format-version": 4, "code-base-name": "frontend_app", "filename": "frontend_app/src/components/Loader/Loader.tsx", "revision_history": [{"118": "4a50de6d73674bdb2a2c1c3e6f2d5de4d1eb3fbb"}]}