{"is_source_file": true, "format": "TypeScript", "description": "This file configures a Redux store for the frontend application, integrating Redux Toolkit and Redux-Saga middleware. It exports the store instance, along with types for dispatch and state.", "external_files": ["./rootReducer", "./rootSaga"], "external_methods": ["configureStore", "createSagaMiddleware", "rootReducer", "rootSaga"], "published": ["store", "AppDispatch", "RootState"], "classes": [], "methods": [{"name": "configureStore", "description": "Initializes the Redux store with the specified reducer and middleware, including saga middleware, and disables serializable checks for non-serializable actions."}, {"name": "createSagaMiddleware", "description": "Creates a Redux-Saga middleware instance to run sagas within the Redux store."}, {"name": "store", "description": "The configured Redux store instance exported for use in the application."}], "calls": ["configureStore", "createSagaMiddleware", "sagaMiddleware.run", "rootSaga"], "search-terms": ["Redux Toolkit", "Redux-Saga middleware", "store configuration", "TypeScript store", "configureStore", "rootReducer", "rootSaga"], "state": 2, "file_id": 35, "knowledge_revision": 82, "git_revision": "", "revision_history": [{"80": ""}, {"82": ""}], "ctags": [{"_type": "tag", "name": "AppDispatch", "path": "/home/kavia/workspace/code-generation/secure-user-authentication-platform-230652-230661/frontend_app/src/store/store.ts", "pattern": "/^export type AppDispatch = typeof store.dispatch;$/", "language": "TypeScript", "kind": "alias"}, {"_type": "tag", "name": "RootState", "path": "/home/kavia/workspace/code-generation/secure-user-authentication-platform-230652-230661/frontend_app/src/store/store.ts", "pattern": "/^export type RootState = ReturnType<typeof store.getState>;$/", "language": "TypeScript", "kind": "alias"}, {"_type": "tag", "name": "sagaMiddleware", "path": "/home/kavia/workspace/code-generation/secure-user-authentication-platform-230652-230661/frontend_app/src/store/store.ts", "pattern": "/^const sagaMiddleware = createSagaMiddleware();$/", "language": "TypeScript", "kind": "constant"}, {"_type": "tag", "name": "store", "path": "/home/kavia/workspace/code-generation/secure-user-authentication-platform-230652-230661/frontend_app/src/store/store.ts", "pattern": "/^export const store = configureStore({$/", "language": "TypeScript", "kind": "constant"}], "hash": "449b47acec03d4b89aeb11610140ab63", "format-version": 4, "code-base-name": "frontend_app", "filename": "frontend_app/src/store/store.ts"}