{"is_source_file": true, "format": "TypeScript/TSX", "description": "This file defines a React component named App that manages a light/dark theme toggle, updates the document's data-theme attribute, and renders UI elements including a toggle button, header, and links.", "external_files": ["./App.css"], "external_methods": ["document.documentElement.setAttribute"], "published": ["App"], "classes": [], "methods": [{"name": "App", "description": "React component function that manages theme state and renders the user interface.", "parameters": []}, {"name": "toggleTheme", "description": "Function to switch between light and dark themes by updating the theme state."}], "calls": ["React.useState", "React.useEffect", "document.documentElement.setAttribute"], "search-terms": ["theme toggle", "React functional component", "useEffect hook", "useState hook", "light dark mode", "App.tsx"], "state": 3, "file_id": 18, "knowledge_revision": 38, "git_revision": "", "ctags": [], "hash": "49a57834a819b952288784a263dfa9ec", "format-version": 4, "code-base-name": "frontend_app", "filename": "frontend_app/src/App.tsx", "revision_history": [{"38": ""}]}