{"is_source_file": false, "format": "", "description": "", "external_files": [], "external_methods": [], "published": [], "classes": [], "methods": [], "calls": [], "search-terms": [], "state": 2, "file_id": 1, "knowledge_revision": 72, "git_revision": "ea959781a9fd3d2bf64f7d2ac2993f6adf13af80", "hash": "99f7204d3ea9842115d747fae812ab99", "format-version": 4, "code-base-name": "frontend_app", "filename": "frontend_app/package.json", "revision_history": [{"72": "ea959781a9fd3d2bf64f7d2ac2993f6adf13af80"}]}