{"is_source_file": false, "format": "", "description": "", "external_files": [], "external_methods": [], "published": [], "classes": [], "methods": [], "calls": [], "search-terms": [], "state": 2, "file_id": 4, "knowledge_revision": 16, "git_revision": "950cc8a4ece4e2bdf6c4b22e9b16e865f69f039f", "hash": "6c2104b8d219ed99234ae2d6329f4357", "format-version": 4, "code-base-name": "frontend_app", "filename": "frontend_app/src/index.css", "revision_history": [{"16": "950cc8a4ece4e2bdf6c4b22e9b16e865f69f039f"}]}