{"is_source_file": true, "format": "TypeScript", "description": "This file defines the root saga for a Redux-Saga based application, serving as an entry point for managing side effects by aggregating feature-specific sagas.", "external_files": ["redux-saga/effects"], "external_methods": ["all"], "published": ["rootSaga"], "classes": [], "methods": [{"name": "rootSaga", "description": "Generator function that yields an array of saga effects, currently empty but designed to include feature sagas as the application grows."}], "calls": ["all[]"], "search-terms": ["rootSaga", "redux-saga", "effects", "all"], "state": 2, "file_id": 34, "knowledge_revision": 79, "git_revision": "", "ctags": [{"_type": "tag", "name": "rootSaga", "path": "/home/kavia/workspace/code-generation/secure-user-authentication-platform-230652-230661/frontend_app/src/store/rootSaga.ts", "pattern": "/^export function* rootSaga(): Generator {$/", "language": "TypeScript", "kind": "generator"}], "hash": "e2a34a2a905a2cd37cfc5ba1cd4c0816", "format-version": 4, "code-base-name": "frontend_app", "filename": "frontend_app/src/store/rootSaga.ts", "revision_history": [{"79": ""}]}