{"is_source_file": true, "format": "JavaScript (React JSX)", "description": "This file defines a React component named App that manages a theme toggle between light and dark modes. It includes UI elements such as a button to switch themes, an image logo, and references an external CSS and logo asset.", "external_files": ["./logo.svg", "./App.css"], "external_methods": ["React.useState", "React.useEffect"], "published": ["App"], "classes": [], "methods": [{"name": "App()", "description": "React functional component that renders UI with theme toggle functionality.", "scope": "", "scopeKind": ""}, {"name": "toggleTheme", "description": "Function to switch the theme state between 'light' and 'dark'."}], "calls": ["document.documentElement.setAttribute", "setTheme", "prevTheme => prevTheme === 'light' ? 'dark' : 'light'"], "search-terms": ["React", "useState", "useEffect", "theme toggle", "App component", "light dark mode", "App.js", "button", "CSS", "logo"], "state": 2, "file_id": 8, "knowledge_revision": 25, "git_revision": "950cc8a4ece4e2bdf6c4b22e9b16e865f69f039f", "ctags": [{"_type": "tag", "name": "App", "path": "/home/kavia/workspace/code-generation/secure-user-authentication-platform-230652-230661/frontend_app/src/App.js", "pattern": "/^function App() {$/", "language": "JavaScript", "kind": "function", "signature": "()"}, {"_type": "tag", "name": "Switch to ${theme === 'light' ? 'dark' : 'light'} mode", "path": "/home/kavia/workspace/code-generation/secure-user-authentication-platform-230652-230661/frontend_app/src/App.js", "pattern": "/^          aria-label={`Switch to ${theme === 'light' ? 'dark' : 'light'} mode`}$/", "language": "JavaScript", "kind": "field", "scope": "App.aria", "scopeKind": "class"}, {"_type": "tag", "name": "toggleTheme", "path": "/home/kavia/workspace/code-generation/secure-user-authentication-platform-230652-230661/frontend_app/src/App.js", "pattern": "/^          onClick={toggleTheme}$/", "language": "JavaScript", "kind": "field", "scope": "App.onClick", "scopeKind": "class"}], "hash": "b55dd9e6a018e59207d8e277dffd9e11", "format-version": 4, "code-base-name": "frontend_app", "filename": "frontend_app/src/App.js", "fields": [{"name": "aria-label={`Switch to ${theme === 'light' ? 'dark' : 'light'} mode`}", "scope": "App.aria", "scopeKind": "class", "description": "unavailable"}, {"name": "onClick={toggleTheme}", "scope": "App.onClick", "scopeKind": "class", "description": "unavailable"}], "revision_history": [{"25": "950cc8a4ece4e2bdf6c4b22e9b16e865f69f039f"}]}