{"is_source_file": true, "file_id": 39, "git_revision": "", "state": 1, "description": "", "external_files": [], "external_methods": [], "published": [], "classes": [], "methods": [], "calls": [], "search-terms": [], "ctags": [{"_type": "tag", "name": "AuthState", "path": "/home/kavia/workspace/code-generation/secure-user-authentication-platform-230652-230661/frontend_app/src/features/auth/authSlice.ts", "pattern": "/^export type AuthState = {$/", "language": "TypeScript", "kind": "alias"}, {"_type": "tag", "name": "AuthStatus", "path": "/home/kavia/workspace/code-generation/secure-user-authentication-platform-230652-230661/frontend_app/src/features/auth/authSlice.ts", "pattern": "/^export type AuthStatus = \"idle\" | \"loading\" | \"authenticated\" | \"error\";$/", "language": "TypeScript", "kind": "alias"}, {"_type": "tag", "name": "AuthSuccessPayload", "path": "/home/kavia/workspace/code-generation/secure-user-authentication-platform-230652-230661/frontend_app/src/features/auth/authSlice.ts", "pattern": "/^export type AuthSuccessPayload = {$/", "language": "TypeScript", "kind": "alias"}, {"_type": "tag", "name": "AuthUser", "path": "/home/kavia/workspace/code-generation/secure-user-authentication-platform-230652-230661/frontend_app/src/features/auth/authSlice.ts", "pattern": "/^export type AuthUser = {$/", "language": "TypeScript", "kind": "alias"}, {"_type": "tag", "name": "LoginRequestedPayload", "path": "/home/kavia/workspace/code-generation/secure-user-authentication-platform-230652-230661/frontend_app/src/features/auth/authSlice.ts", "pattern": "/^export type LoginRequestedPayload = {$/", "language": "TypeScript", "kind": "alias"}, {"_type": "tag", "name": "RegisterRequestedPayload", "path": "/home/kavia/workspace/code-generation/secure-user-authentication-platform-230652-230661/frontend_app/src/features/auth/authSlice.ts", "pattern": "/^export type RegisterRequestedPayload = {$/", "language": "TypeScript", "kind": "alias"}, {"_type": "tag", "name": "authFailed", "path": "/home/kavia/workspace/code-generation/secure-user-authentication-platform-230652-230661/frontend_app/src/features/auth/authSlice.ts", "pattern": "/^  authFailed$/", "language": "TypeScript", "kind": "constant"}, {"_type": "tag", "name": "authReducer", "path": "/home/kavia/workspace/code-generation/secure-user-authentication-platform-230652-230661/frontend_app/src/features/auth/authSlice.ts", "pattern": "/^export const authReducer = authSlice.reducer;$/", "language": "TypeScript", "kind": "constant"}, {"_type": "tag", "name": "authSlice", "path": "/home/kavia/workspace/code-generation/secure-user-authentication-platform-230652-230661/frontend_app/src/features/auth/authSlice.ts", "pattern": "/^const authSlice = createSlice({$/", "language": "TypeScript", "kind": "constant"}, {"_type": "tag", "name": "authSucceeded", "path": "/home/kavia/workspace/code-generation/secure-user-authentication-platform-230652-230661/frontend_app/src/features/auth/authSlice.ts", "pattern": "/^  authSucceeded,$/", "language": "TypeScript", "kind": "constant"}, {"_type": "tag", "name": "initialState", "path": "/home/kavia/workspace/code-generation/secure-user-authentication-platform-230652-230661/frontend_app/src/features/auth/authSlice.ts", "pattern": "/^const initialState: AuthState = {$/", "language": "TypeScript", "kind": "constant"}, {"_type": "tag", "name": "loadMeRequested", "path": "/home/kavia/workspace/code-generation/secure-user-authentication-platform-230652-230661/frontend_app/src/features/auth/authSlice.ts", "pattern": "/^  loadMeRequested,$/", "language": "TypeScript", "kind": "constant"}, {"_type": "tag", "name": "loginRequested", "path": "/home/kavia/workspace/code-generation/secure-user-authentication-platform-230652-230661/frontend_app/src/features/auth/authSlice.ts", "pattern": "/^  loginRequested,$/", "language": "TypeScript", "kind": "constant"}, {"_type": "tag", "name": "logoutRequested", "path": "/home/kavia/workspace/code-generation/secure-user-authentication-platform-230652-230661/frontend_app/src/features/auth/authSlice.ts", "pattern": "/^  logoutRequested,$/", "language": "TypeScript", "kind": "constant"}, {"_type": "tag", "name": "meLoaded", "path": "/home/kavia/workspace/code-generation/secure-user-authentication-platform-230652-230661/frontend_app/src/features/auth/authSlice.ts", "pattern": "/^  meLoaded,$/", "language": "TypeScript", "kind": "constant"}, {"_type": "tag", "name": "registerRequested", "path": "/home/kavia/workspace/code-generation/secure-user-authentication-platform-230652-230661/frontend_app/src/features/auth/authSlice.ts", "pattern": "/^  registerRequested,$/", "language": "TypeScript", "kind": "constant"}, {"_type": "tag", "name": "selectAuthError", "path": "/home/kavia/workspace/code-generation/secure-user-authentication-platform-230652-230661/frontend_app/src/features/auth/authSlice.ts", "pattern": "/^export const selectAuthError = (state: RootState): string | undefined => {$/", "language": "TypeScript", "kind": "constant"}, {"_type": "tag", "name": "selectAuthStatus", "path": "/home/kavia/workspace/code-generation/secure-user-authentication-platform-230652-230661/frontend_app/src/features/auth/authSlice.ts", "pattern": "/^export const selectAuthStatus = (state: RootState): AuthStatus => {$/", "language": "TypeScript", "kind": "constant"}, {"_type": "tag", "name": "selectCurrentUser", "path": "/home/kavia/workspace/code-generation/secure-user-authentication-platform-230652-230661/frontend_app/src/features/auth/authSlice.ts", "pattern": "/^export const selectCurrentUser = (state: RootState): AuthUser | null => {$/", "language": "TypeScript", "kind": "constant"}, {"_type": "tag", "name": "selectToken", "path": "/home/kavia/workspace/code-generation/secure-user-authentication-platform-230652-230661/frontend_app/src/features/auth/authSlice.ts", "pattern": "/^export const selectToken = (state: RootState): string | null => {$/", "language": "TypeScript", "kind": "constant"}, {"_type": "tag", "name": "status", "path": "/home/kavia/workspace/code-generation/secure-user-authentication-platform-230652-230661/frontend_app/src/features/auth/authSlice.ts", "pattern": "/^  status: \"idle\",$/", "language": "TypeScript", "kind": "constant"}, {"_type": "tag", "name": "token", "path": "/home/kavia/workspace/code-generation/secure-user-authentication-platform-230652-230661/frontend_app/src/features/auth/authSlice.ts", "pattern": "/^  token: null,$/", "language": "TypeScript", "kind": "constant"}], "format": "TypeScript", "hash": "05cab67855681fbf8a9d86c14460cbb1", "format-version": 4, "code-base-name": "frontend_app", "filename": "frontend_app/src/features/auth/authSlice.ts", "knowledge_revision": 87}