{"is_source_file": true, "format": "JavaScript", "description": "This file is the entry point for a React-based frontend application, rendering the main App component into the DOM.", "external_files": ["react", "react-dom/client", "./index.css", "./App"], "external_methods": ["ReactDOM.createRoot", "root.render"], "published": ["React", "ReactDOM"], "classes": [], "methods": [{"name": "ReactDOM.createRoot", "description": "Creates a root to render React components in a specific DOM node."}, {"name": "root.render", "description": "Renders a React component tree into the root."}], "calls": ["ReactDOM.createRoot", "root.render"], "search-terms": ["React", "ReactDOM", "index.js", "createRoot", "render", "frontend", "main entry"], "state": 2, "file_id": 7, "knowledge_revision": 24, "git_revision": "950cc8a4ece4e2bdf6c4b22e9b16e865f69f039f", "ctags": [{"_type": "tag", "name": "root", "path": "/home/kavia/workspace/code-generation/secure-user-authentication-platform-230652-230661/frontend_app/src/index.js", "pattern": "/^const root = ReactDOM.createRoot(document.getElementById('root'));$/", "language": "JavaScript", "kind": "constant"}], "hash": "9fc5841375336fc175b49f8767a11383", "format-version": 4, "code-base-name": "frontend_app", "filename": "frontend_app/src/index.js", "revision_history": [{"24": "950cc8a4ece4e2bdf6c4b22e9b16e865f69f039f"}]}