{"is_source_file": true, "format": "TypeScript", "description": "This file defines the root saga for a Redux-Saga setup in a frontend application, importing effects and specific feature sagas to combine and run them.", "external_files": ["redux-saga/effects", "../features/auth/authSaga"], "external_methods": ["all"], "published": ["rootSaga"], "classes": [], "methods": [{"name": "rootSaga", "description": "Generator function that combines all feature sagas using redux-saga's 'all' effect."}], "calls": ["all", "authSaga"], "search-terms": ["rootSaga", "redux-saga", "authSaga", "combine sagas", "redux effects"], "state": 2, "file_id": 34, "knowledge_revision": 90, "git_revision": "6bef831816c355a23923c6c65f8ce2159c3be375", "revision_history": [{"79": ""}, {"90": "6bef831816c355a23923c6c65f8ce2159c3be375"}], "ctags": [{"_type": "tag", "name": "rootSaga", "path": "/home/kavia/workspace/code-generation/secure-user-authentication-platform-230652-230661/frontend_app/src/store/rootSaga.ts", "pattern": "/^export function* rootSaga(): Generator {$/", "language": "TypeScript", "kind": "generator"}], "hash": "11537bbaa801a24107b5c5b76c03cd18", "format-version": 4, "code-base-name": "frontend_app", "filename": "frontend_app/src/store/rootSaga.ts"}