{"is_source_file": true, "format": "TypeScript (TSX)", "description": "This file implements a React component for pagination UI, allowing navigation through pages with numbered buttons, previous/next controls, ellipses for skipped ranges, and accessibility features.", "external_files": ["./Pagination.module.css"], "external_methods": [], "published": ["Pagination"], "classes": [], "methods": [{"name": "Pagination", "description": "React component for rendering pagination controls with page number buttons, prev/next buttons, and ellipses for skipped pages."}], "calls": ["React.useMemo", "Math.max", "Math.min", "Array.from", "clamp", "buildPageModel"], "search-terms": ["Pagination", "react pagination component", "page navigation", "page buttons", "ellipsis", "accessibility pagination", "TSX pagination"], "state": 2, "file_id": 42, "knowledge_revision": 112, "git_revision": "4a50de6d73674bdb2a2c1c3e6f2d5de4d1eb3fbb", "revision_history": [{"103": "063a71fa79ccb7fe371457108ce8af9712ad03eb"}, {"112": "4a50de6d73674bdb2a2c1c3e6f2d5de4d1eb3fbb"}], "ctags": [], "hash": "353a6f9a0a709cc9a01fdc5936588e58", "format-version": 4, "code-base-name": "frontend_app", "filename": "frontend_app/src/components/Pagination/Pagination.tsx"}