{"is_source_file": false, "format": "", "description": "", "external_files": [], "external_methods": [], "published": [], "classes": [], "methods": [], "calls": [], "search-terms": [], "state": 2, "file_id": 1, "knowledge_revision": 41, "git_revision": "ac996c7fa7f93698e49dad95562b993bea8dfc6b", "hash": "b1713748d7710ce58d18cb11aedf5f43", "format-version": 4, "code-base-name": "frontend_app", "filename": "frontend_app/package.json", "revision_history": [{"41": "ac996c7fa7f93698e49dad95562b993bea8dfc6b"}]}