{"is_source_file": true, "format": "TypeScript/React JSX", "description": "This file defines a React functional component called Pagination. It provides a static UI for pagination controls with placeholders for interactivity, including props for current page, page size, total items, and an optional callback for page changes.", "external_files": ["./Pagination.module.css"], "external_methods": [], "published": ["Pagination"], "classes": [], "methods": [{"name": "Pagination", "description": "React functional component rendering pagination UI, with placeholders for behavior; computes total pages and displays current page info."}], "calls": [], "search-terms": ["Pagination", "React", "UI component", "props", "page", "pageSize", "totalItems", "onPageChange"], "state": 2, "file_id": 42, "knowledge_revision": 103, "git_revision": "063a71fa79ccb7fe371457108ce8af9712ad03eb", "ctags": [], "hash": "0ddd25e162817e5ed35052147284ce54", "format-version": 4, "code-base-name": "frontend_app", "filename": "frontend_app/src/components/Pagination/Pagination.tsx", "revision_history": [{"103": "063a71fa79ccb7fe371457108ce8af9712ad03eb"}]}