{"is_source_file": true, "format": "TypeScript (React TSX)", "description": "This file defines a React component for the Dashboard page in a frontend application, including UI elements and logout functionality.", "external_files": ["../../components/PageShell/PageShell", "../../auth/tokenStorage", "./DashboardPage.module.css"], "external_methods": ["useNavigate", "clearAuthToken"], "published": ["DashboardPage"], "classes": [], "methods": [{"name": "DashboardPage", "description": "React functional component representing the Dashboard page, requiring authentication, with a logout button and static welcome message."}], "calls": ["useNavigate", "clearAuthToken", "navigate", "PageShell"], "search-terms": ["DashboardPage", "React", "useNavigate", "PageShell", "auth", "tokenStorage", "protected route", "logout"], "state": 3, "file_id": 29, "knowledge_revision": 68, "git_revision": "ea959781a9fd3d2bf64f7d2ac2993f6adf13af80", "ctags": [], "hash": "312bb0a27cf87936177d6c53cb9a18eb", "format-version": 4, "code-base-name": "frontend_app", "filename": "frontend_app/src/pages/Dashboard/DashboardPage.tsx", "revision_history": [{"68": "ea959781a9fd3d2bf64f7d2ac2993f6adf13af80"}]}