{"is_source_file": true, "format": "TypeScript (React JSX)", "description": "This file defines a React functional component for a user registration page, including form validation, state management, and integration with Redux for handling registration requests.", "external_files": ["../../components/PageShell/PageShell", "../../components", "../../store/hooks", "../../features/auth/authSlice", "./RegisterPage.module.css", "react", "react-router-dom"], "external_methods": ["useNavigate", "useAppDispatch", "useAppSelector", "registerRequested", "selectAuthError", "selectAuthStatus"], "published": ["RegisterPage"], "classes": [], "methods": [{"name": "validate", "description": "Validates form input values for email and password, returning an object with error messages if validations fail."}], "calls": ["useNavigate", "useAppDispatch", "useAppSelector", "registerRequested", "selectAuthStatus", "selectAuthError", "useEffect", "setErrors", "setValues", "setTouched", "navigate", "dispatch", "validate"], "search-terms": ["RegisterPage", "useAppDispatch", "registerRequested", "authSlice", "FormValidation", "ReduxRegistration", "ReactRegisterForm", "LoginLink"], "state": 2, "file_id": 27, "knowledge_revision": 115, "git_revision": "4a50de6d73674bdb2a2c1c3e6f2d5de4d1eb3fbb", "revision_history": [{"66": "ea959781a9fd3d2bf64f7d2ac2993f6adf13af80"}, {"96": "f7618251e9cfd7c5afeba39ccb125336df81bdfd"}, {"115": "4a50de6d73674bdb2a2c1c3e6f2d5de4d1eb3fbb"}], "ctags": [], "hash": "f8a995cce200103c90aa8fb343d1462e", "format-version": 4, "code-base-name": "frontend_app", "filename": "frontend_app/src/pages/Register/RegisterPage.tsx"}