{"is_source_file": false, "format": "", "description": "", "external_files": [], "external_methods": [], "published": [], "classes": [], "methods": [], "calls": [], "search-terms": [], "state": 2, "file_id": 15, "knowledge_revision": 146, "git_revision": "07bb78d5536b41089a81393a98c9197bdf354c12", "revision_history": [{"35": ""}, {"84": "ac996c7fa7f93698e49dad95562b993bea8dfc6b"}, {"146": "07bb78d5536b41089a81393a98c9197bdf354c12"}], "ctags": [{"_type": "tag", "name": "ImportMeta", "path": "/home/kavia/workspace/code-generation/secure-user-authentication-platform-230652-230661/frontend_app/src/vite-env.d.ts", "pattern": "/^interface ImportMeta {$/", "language": "TypeScript", "kind": "interface"}, {"_type": "tag", "name": "ImportMetaEnv", "path": "/home/kavia/workspace/code-generation/secure-user-authentication-platform-230652-230661/frontend_app/src/vite-env.d.ts", "pattern": "/^interface ImportMetaEnv {$/", "language": "TypeScript", "kind": "interface"}, {"_type": "tag", "name": "REACT_APP_API_BASE", "path": "/home/kavia/workspace/code-generation/secure-user-authentication-platform-230652-230661/frontend_app/src/vite-env.d.ts", "pattern": "/^  readonly REACT_APP_API_BASE?: string;$/", "language": "TypeScript", "kind": "property", "scope": "ImportMetaEnv", "scopeKind": "interface"}, {"_type": "tag", "name": "REACT_APP_BACKEND_URL", "path": "/home/kavia/workspace/code-generation/secure-user-authentication-platform-230652-230661/frontend_app/src/vite-env.d.ts", "pattern": "/^  readonly REACT_APP_BACKEND_URL?: string;$/", "language": "TypeScript", "kind": "property", "scope": "ImportMetaEnv", "scopeKind": "interface"}, {"_type": "tag", "name": "REACT_APP_ENABLE_SOURCE_MAPS", "path": "/home/kavia/workspace/code-generation/secure-user-authentication-platform-230652-230661/frontend_app/src/vite-env.d.ts", "pattern": "/^  readonly REACT_APP_ENABLE_SOURCE_MAPS?: string;$/", "language": "TypeScript", "kind": "property", "scope": "ImportMetaEnv", "scopeKind": "interface"}, {"_type": "tag", "name": "REACT_APP_EXPERIMENTS_ENABLED", "path": "/home/kavia/workspace/code-generation/secure-user-authentication-platform-230652-230661/frontend_app/src/vite-env.d.ts", "pattern": "/^  readonly REACT_APP_EXPERIMENTS_ENABLED?: string;$/", "language": "TypeScript", "kind": "property", "scope": "ImportMetaEnv", "scopeKind": "interface"}, {"_type": "tag", "name": "REACT_APP_FEATURE_FLAGS", "path": "/home/kavia/workspace/code-generation/secure-user-authentication-platform-230652-230661/frontend_app/src/vite-env.d.ts", "pattern": "/^  readonly REACT_APP_FEATURE_FLAGS?: string;$/", "language": "TypeScript", "kind": "property", "scope": "ImportMetaEnv", "scopeKind": "interface"}, {"_type": "tag", "name": "REACT_APP_FRONTEND_URL", "path": "/home/kavia/workspace/code-generation/secure-user-authentication-platform-230652-230661/frontend_app/src/vite-env.d.ts", "pattern": "/^  readonly REACT_APP_FRONTEND_URL?: string;$/", "language": "TypeScript", "kind": "property", "scope": "ImportMetaEnv", "scopeKind": "interface"}, {"_type": "tag", "name": "REACT_APP_HEALTHCHECK_PATH", "path": "/home/kavia/workspace/code-generation/secure-user-authentication-platform-230652-230661/frontend_app/src/vite-env.d.ts", "pattern": "/^  readonly REACT_APP_HEALTHCHECK_PATH?: string;$/", "language": "TypeScript", "kind": "property", "scope": "ImportMetaEnv", "scopeKind": "interface"}, {"_type": "tag", "name": "REACT_APP_LOG_LEVEL", "path": "/home/kavia/workspace/code-generation/secure-user-authentication-platform-230652-230661/frontend_app/src/vite-env.d.ts", "pattern": "/^  readonly REACT_APP_LOG_LEVEL?: string;$/", "language": "TypeScript", "kind": "property", "scope": "ImportMetaEnv", "scopeKind": "interface"}, {"_type": "tag", "name": "REACT_APP_NEXT_TELEMETRY_DISABLED", "path": "/home/kavia/workspace/code-generation/secure-user-authentication-platform-230652-230661/frontend_app/src/vite-env.d.ts", "pattern": "/^  readonly REACT_APP_NEXT_TELEMETRY_DISABLED?: string;$/", "language": "TypeScript", "kind": "property", "scope": "ImportMetaEnv", "scopeKind": "interface"}, {"_type": "tag", "name": "REACT_APP_NODE_ENV", "path": "/home/kavia/workspace/code-generation/secure-user-authentication-platform-230652-230661/frontend_app/src/vite-env.d.ts", "pattern": "/^  readonly REACT_APP_NODE_ENV?: string;$/", "language": "TypeScript", "kind": "property", "scope": "ImportMetaEnv", "scopeKind": "interface"}, {"_type": "tag", "name": "REACT_APP_PORT", "path": "/home/kavia/workspace/code-generation/secure-user-authentication-platform-230652-230661/frontend_app/src/vite-env.d.ts", "pattern": "/^  readonly REACT_APP_PORT?: string;$/", "language": "TypeScript", "kind": "property", "scope": "ImportMetaEnv", "scopeKind": "interface"}, {"_type": "tag", "name": "REACT_APP_TRUST_PROXY", "path": "/home/kavia/workspace/code-generation/secure-user-authentication-platform-230652-230661/frontend_app/src/vite-env.d.ts", "pattern": "/^  readonly REACT_APP_TRUST_PROXY?: string;$/", "language": "TypeScript", "kind": "property", "scope": "ImportMetaEnv", "scopeKind": "interface"}, {"_type": "tag", "name": "REACT_APP_WS_URL", "path": "/home/kavia/workspace/code-generation/secure-user-authentication-platform-230652-230661/frontend_app/src/vite-env.d.ts", "pattern": "/^  readonly REACT_APP_WS_URL?: string;$/", "language": "TypeScript", "kind": "property", "scope": "ImportMetaEnv", "scopeKind": "interface"}, {"_type": "tag", "name": "env", "path": "/home/kavia/workspace/code-generation/secure-user-authentication-platform-230652-230661/frontend_app/src/vite-env.d.ts", "pattern": "/^  readonly env: ImportMetaEnv;$/", "language": "TypeScript", "kind": "property", "scope": "ImportMeta", "scopeKind": "interface"}], "hash": "04f6739bdd4d2ffa5ee19d3a4bba933b", "format-version": 4, "code-base-name": "frontend_app", "filename": "frontend_app/src/vite-env.d.ts", "fields": [{"name": "interface ImportMeta {", "scope": "", "scopeKind": "", "description": "unavailable"}, {"name": "interface ImportMetaEnv {", "scope": "", "scopeKind": "", "description": "unavailable"}, {"name": "readonly REACT_APP_API_BASE?: string;", "scope": "ImportMetaEnv", "scopeKind": "interface", "description": "unavailable"}, {"name": "readonly REACT_APP_BACKEND_URL?: string;", "scope": "ImportMetaEnv", "scopeKind": "interface", "description": "unavailable"}, {"name": "readonly REACT_APP_ENABLE_SOURCE_MAPS?: string;", "scope": "ImportMetaEnv", "scopeKind": "interface", "description": "unavailable"}, {"name": "readonly REACT_APP_EXPERIMENTS_ENABLED?: string;", "scope": "ImportMetaEnv", "scopeKind": "interface", "description": "unavailable"}, {"name": "readonly REACT_APP_FEATURE_FLAGS?: string;", "scope": "ImportMetaEnv", "scopeKind": "interface", "description": "unavailable"}, {"name": "readonly REACT_APP_FRONTEND_URL?: string;", "scope": "ImportMetaEnv", "scopeKind": "interface", "description": "unavailable"}, {"name": "readonly REACT_APP_HEALTHCHECK_PATH?: string;", "scope": "ImportMetaEnv", "scopeKind": "interface", "description": "unavailable"}, {"name": "readonly REACT_APP_LOG_LEVEL?: string;", "scope": "ImportMetaEnv", "scopeKind": "interface", "description": "unavailable"}, {"name": "readonly REACT_APP_NEXT_TELEMETRY_DISABLED?: string;", "scope": "ImportMetaEnv", "scopeKind": "interface", "description": "unavailable"}, {"name": "readonly REACT_APP_NODE_ENV?: string;", "scope": "ImportMetaEnv", "scopeKind": "interface", "description": "unavailable"}, {"name": "readonly REACT_APP_PORT?: string;", "scope": "ImportMetaEnv", "scopeKind": "interface", "description": "unavailable"}, {"name": "readonly REACT_APP_TRUST_PROXY?: string;", "scope": "ImportMetaEnv", "scopeKind": "interface", "description": "unavailable"}, {"name": "readonly REACT_APP_WS_URL?: string;", "scope": "ImportMetaEnv", "scopeKind": "interface", "description": "unavailable"}, {"name": "readonly env: ImportMetaEnv;", "scope": "ImportMeta", "scopeKind": "interface", "description": "unavailable"}]}