{"is_source_file": true, "file_id": 19, "git_revision": "", "state": 1, "description": "", "external_files": [], "external_methods": [], "published": [], "classes": [], "methods": [], "calls": [], "search-terms": [], "ctags": [{"_type": "tag", "name": "AUTH_TOKEN_STORAGE_KEY", "path": "/home/kavia/workspace/code-generation/secure-user-authentication-platform-230652-230661/frontend_app/src/auth/tokenStorage.ts", "pattern": "/^export const AUTH_TOKEN_STORAGE_KEY = \"auth_token\";$/", "language": "TypeScript", "kind": "constant"}, {"_type": "tag", "name": "clearAuthToken", "path": "/home/kavia/workspace/code-generation/secure-user-authentication-platform-230652-230661/frontend_app/src/auth/tokenStorage.ts", "pattern": "/^export function clearAuthToken(): void {$/", "language": "TypeScript", "kind": "function"}, {"_type": "tag", "name": "getAuthToken", "path": "/home/kavia/workspace/code-generation/secure-user-authentication-platform-230652-230661/frontend_app/src/auth/tokenStorage.ts", "pattern": "/^export function getAuthToken(): string | null {$/", "language": "TypeScript", "kind": "function"}, {"_type": "tag", "name": "isAuthenticated", "path": "/home/kavia/workspace/code-generation/secure-user-authentication-platform-230652-230661/frontend_app/src/auth/tokenStorage.ts", "pattern": "/^export function isAuthenticated(): boolean {$/", "language": "TypeScript", "kind": "function"}, {"_type": "tag", "name": "setAuthToken", "path": "/home/kavia/workspace/code-generation/secure-user-authentication-platform-230652-230661/frontend_app/src/auth/tokenStorage.ts", "pattern": "/^export function setAuthToken(token: string): void {$/", "language": "TypeScript", "kind": "function"}], "format": "TypeScript", "hash": "4a200e3dfa092bc975ddb1fc30913e5c", "format-version": 4, "code-base-name": "frontend_app", "filename": "frontend_app/src/auth/tokenStorage.ts", "knowledge_revision": 42}