{"is_source_file": false, "format": null, "description": "", "external_files": [], "external_methods": [], "published": [], "classes": [], "methods": [], "calls": [], "search-terms": [], "state": 2, "file_id": 32, "knowledge_revision": 71, "git_revision": "ea959781a9fd3d2bf64f7d2ac2993f6adf13af80", "hash": "1a029cd5a85fa235be48b05ec032fb61", "format-version": 4, "code-base-name": "frontend_app", "filename": "frontend_app/src/pages/Events/EventsPage.module.css", "revision_history": [{"71": "ea959781a9fd3d2bf64f7d2ac2993f6adf13af80"}]}