{"is_source_file": true, "format": "TypeScript", "description": "This file defines a Redux Toolkit slice for authentication state management in a React/Redux application. It includes type definitions for user and state, initial state setup, reducers for dispatching actions related to login, registration, loading user info, logout, and handling success or failure of auth processes. It also exports selectors for accessing parts of the auth state.", "external_files": ["../../store/store"], "external_methods": ["createSlice", "PayloadAction"], "published": ["authReducer", "loginRequested", "registerRequested", "loadMeRequested", "logoutRequested", "authSucceeded", "meLoaded", "authFailed", "selectAuthStatus", "selectCurrentUser", "selectAuthError", "selectToken"], "classes": [], "methods": [{"name": "loginRequested", "description": "Sets auth state to loading when a login is requested, clears errors."}, {"name": "registerRequested", "description": "Sets auth state to loading when a registration is requested, clears errors."}, {"name": "loadMeRequested", "description": "Sets auth state to loading for reloading user info."}, {"name": "logoutRequested", "description": "Resets auth state to logged out, clears user and token."}, {"name": "authSucceeded", "description": "Updates auth state with user info and token upon successful login or registration."}, {"name": "meLoaded", "description": "Updates user info when user data is loaded."}, {"name": "authFailed", "description": "Sets error message and auth state to error upon failure."}, {"name": "selectAuthStatus", "description": "Selector returning current authentication status."}, {"name": "selectCurrentUser", "description": "Selector returning current authenticated user."}, {"name": "selectAuthError", "description": "Selector returning last error message related to auth."}, {"name": "selectToken", "description": "Selector returning current auth token."}], "calls": ["createSlice", "store"], "search-terms": ["authSlice", "Redux Toolkit", "auth state management", "auth actions", "auth selectors", "authReducer", "auth status"], "state": 2, "file_id": 39, "knowledge_revision": 92, "git_revision": "6bef831816c355a23923c6c65f8ce2159c3be375", "ctags": [{"_type": "tag", "name": "AuthState", "path": "/home/kavia/workspace/code-generation/secure-user-authentication-platform-230652-230661/frontend_app/src/features/auth/authSlice.ts", "pattern": "/^export type AuthState = {$/", "language": "TypeScript", "kind": "alias"}, {"_type": "tag", "name": "AuthStatus", "path": "/home/kavia/workspace/code-generation/secure-user-authentication-platform-230652-230661/frontend_app/src/features/auth/authSlice.ts", "pattern": "/^export type AuthStatus = \"idle\" | \"loading\" | \"authenticated\" | \"error\";$/", "language": "TypeScript", "kind": "alias"}, {"_type": "tag", "name": "AuthSuccessPayload", "path": "/home/kavia/workspace/code-generation/secure-user-authentication-platform-230652-230661/frontend_app/src/features/auth/authSlice.ts", "pattern": "/^export type AuthSuccessPayload = {$/", "language": "TypeScript", "kind": "alias"}, {"_type": "tag", "name": "AuthUser", "path": "/home/kavia/workspace/code-generation/secure-user-authentication-platform-230652-230661/frontend_app/src/features/auth/authSlice.ts", "pattern": "/^export type AuthUser = {$/", "language": "TypeScript", "kind": "alias"}, {"_type": "tag", "name": "LoginRequestedPayload", "path": "/home/kavia/workspace/code-generation/secure-user-authentication-platform-230652-230661/frontend_app/src/features/auth/authSlice.ts", "pattern": "/^export type LoginRequestedPayload = {$/", "language": "TypeScript", "kind": "alias"}, {"_type": "tag", "name": "RegisterRequestedPayload", "path": "/home/kavia/workspace/code-generation/secure-user-authentication-platform-230652-230661/frontend_app/src/features/auth/authSlice.ts", "pattern": "/^export type RegisterRequestedPayload = {$/", "language": "TypeScript", "kind": "alias"}, {"_type": "tag", "name": "authFailed", "path": "/home/kavia/workspace/code-generation/secure-user-authentication-platform-230652-230661/frontend_app/src/features/auth/authSlice.ts", "pattern": "/^  authFailed$/", "language": "TypeScript", "kind": "constant"}, {"_type": "tag", "name": "authReducer", "path": "/home/kavia/workspace/code-generation/secure-user-authentication-platform-230652-230661/frontend_app/src/features/auth/authSlice.ts", "pattern": "/^export const authReducer = authSlice.reducer;$/", "language": "TypeScript", "kind": "constant"}, {"_type": "tag", "name": "authSlice", "path": "/home/kavia/workspace/code-generation/secure-user-authentication-platform-230652-230661/frontend_app/src/features/auth/authSlice.ts", "pattern": "/^const authSlice = createSlice({$/", "language": "TypeScript", "kind": "constant"}, {"_type": "tag", "name": "authSucceeded", "path": "/home/kavia/workspace/code-generation/secure-user-authentication-platform-230652-230661/frontend_app/src/features/auth/authSlice.ts", "pattern": "/^  authSucceeded,$/", "language": "TypeScript", "kind": "constant"}, {"_type": "tag", "name": "initialState", "path": "/home/kavia/workspace/code-generation/secure-user-authentication-platform-230652-230661/frontend_app/src/features/auth/authSlice.ts", "pattern": "/^const initialState: AuthState = {$/", "language": "TypeScript", "kind": "constant"}, {"_type": "tag", "name": "loadMeRequested", "path": "/home/kavia/workspace/code-generation/secure-user-authentication-platform-230652-230661/frontend_app/src/features/auth/authSlice.ts", "pattern": "/^  loadMeRequested,$/", "language": "TypeScript", "kind": "constant"}, {"_type": "tag", "name": "loginRequested", "path": "/home/kavia/workspace/code-generation/secure-user-authentication-platform-230652-230661/frontend_app/src/features/auth/authSlice.ts", "pattern": "/^  loginRequested,$/", "language": "TypeScript", "kind": "constant"}, {"_type": "tag", "name": "logoutRequested", "path": "/home/kavia/workspace/code-generation/secure-user-authentication-platform-230652-230661/frontend_app/src/features/auth/authSlice.ts", "pattern": "/^  logoutRequested,$/", "language": "TypeScript", "kind": "constant"}, {"_type": "tag", "name": "meLoaded", "path": "/home/kavia/workspace/code-generation/secure-user-authentication-platform-230652-230661/frontend_app/src/features/auth/authSlice.ts", "pattern": "/^  meLoaded,$/", "language": "TypeScript", "kind": "constant"}, {"_type": "tag", "name": "registerRequested", "path": "/home/kavia/workspace/code-generation/secure-user-authentication-platform-230652-230661/frontend_app/src/features/auth/authSlice.ts", "pattern": "/^  registerRequested,$/", "language": "TypeScript", "kind": "constant"}, {"_type": "tag", "name": "selectAuthError", "path": "/home/kavia/workspace/code-generation/secure-user-authentication-platform-230652-230661/frontend_app/src/features/auth/authSlice.ts", "pattern": "/^export const selectAuthError = (state: RootState): string | undefined => {$/", "language": "TypeScript", "kind": "constant"}, {"_type": "tag", "name": "selectAuthStatus", "path": "/home/kavia/workspace/code-generation/secure-user-authentication-platform-230652-230661/frontend_app/src/features/auth/authSlice.ts", "pattern": "/^export const selectAuthStatus = (state: RootState): AuthStatus => {$/", "language": "TypeScript", "kind": "constant"}, {"_type": "tag", "name": "selectCurrentUser", "path": "/home/kavia/workspace/code-generation/secure-user-authentication-platform-230652-230661/frontend_app/src/features/auth/authSlice.ts", "pattern": "/^export const selectCurrentUser = (state: RootState): AuthUser | null => {$/", "language": "TypeScript", "kind": "constant"}, {"_type": "tag", "name": "selectToken", "path": "/home/kavia/workspace/code-generation/secure-user-authentication-platform-230652-230661/frontend_app/src/features/auth/authSlice.ts", "pattern": "/^export const selectToken = (state: RootState): string | null => {$/", "language": "TypeScript", "kind": "constant"}, {"_type": "tag", "name": "status", "path": "/home/kavia/workspace/code-generation/secure-user-authentication-platform-230652-230661/frontend_app/src/features/auth/authSlice.ts", "pattern": "/^  status: \"idle\",$/", "language": "TypeScript", "kind": "constant"}, {"_type": "tag", "name": "token", "path": "/home/kavia/workspace/code-generation/secure-user-authentication-platform-230652-230661/frontend_app/src/features/auth/authSlice.ts", "pattern": "/^  token: null,$/", "language": "TypeScript", "kind": "constant"}], "hash": "05cab67855681fbf8a9d86c14460cbb1", "format-version": 4, "code-base-name": "frontend_app", "filename": "frontend_app/src/features/auth/authSlice.ts", "revision_history": [{"92": "6bef831816c355a23923c6c65f8ce2159c3be375"}]}