{"is_source_file": true, "format": "TypeScript (TSX)", "description": "This file defines a React component 'ProtectedRoute' that manages access control for protected routes based on authentication status, redirecting unauthenticated users or users accessing login/register pages appropriately.", "external_files": ["react", "react-router-dom", "../store/hooks", "../features/auth/authSlice"], "external_methods": ["useLocation", "useAppSelector", "selectAuthStatus"], "published": ["ProtectedRouteProps", "ProtectedRoute"], "classes": [], "methods": [{"name": "ProtectedRoute", "description": "A React component that enforces route protection, redirecting users based on their authentication status and current location."}], "calls": ["useLocation", "useAppSelector", "selectAuthStatus", "<Navigate to=\"/dashboard\" replace />", "<Navigate to={redirectTo} replace state={{ from: location }} />", "<Outlet />"], "search-terms": ["ProtectedRoute", "route protection", "authentication guard", "React Router redirect", "ProtectedRouteProps", "auth status check"], "state": 2, "file_id": 20, "knowledge_revision": 132, "git_revision": "ea959781a9fd3d2bf64f7d2ac2993f6adf13af80", "revision_history": [{"59": "ea959781a9fd3d2bf64f7d2ac2993f6adf13af80"}, {"132": "ea959781a9fd3d2bf64f7d2ac2993f6adf13af80"}], "ctags": [], "hash": "1faaf6817c1766154f246ddff6efaca7", "format-version": 4, "code-base-name": "frontend_app", "filename": "frontend_app/src/routes/ProtectedRoute.tsx"}