{"is_source_file": true, "format": "TypeScript", "description": "Module index file that re-exports components and their prop types for easier imports elsewhere in the project", "external_files": ["./Loader/Loader", "./Modal/Modal", "./Pagination/Pagination", "./ErrorBoundary/ErrorBoundary"], "external_methods": [], "published": ["Loader", "LoaderProps", "LoaderVariant", "Modal", "ModalProps", "Pagination", "PaginationProps", "ErrorBoundary", "ErrorBoundaryProps", "ErrorBoundaryFallbackProps"], "classes": [], "methods": [], "calls": ["Loader", "Modal", "Pagination", "ErrorBoundary"], "search-terms": ["index.ts", "re-exports", "components index", "Loader", "Modal", "Pagination", "ErrorBoundary"], "state": 2, "file_id": 49, "knowledge_revision": 123, "git_revision": "4a50de6d73674bdb2a2c1c3e6f2d5de4d1eb3fbb", "ctags": [], "hash": "5b1e955c436088ea532ff1e9f8f76958", "format-version": 4, "code-base-name": "frontend_app", "filename": "frontend_app/src/components/index.ts", "revision_history": [{"123": "4a50de6d73674bdb2a2c1c3e6f2d5de4d1eb3fbb"}]}