{"is_source_file": false, "format": "", "description": "", "external_files": [], "external_methods": [], "published": [], "classes": [], "methods": [], "calls": [], "search-terms": [], "state": 2, "file_id": 45, "knowledge_revision": 119, "git_revision": "4a50de6d73674bdb2a2c1c3e6f2d5de4d1eb3fbb", "hash": "43b2c3d939dba2d4b9406fbba4dcc445", "format-version": 4, "code-base-name": "frontend_app", "filename": "frontend_app/src/components/Modal/Modal.module.css", "revision_history": [{"119": "4a50de6d73674bdb2a2c1c3e6f2d5de4d1eb3fbb"}]}