{"is_source_file": true, "format": "TypeScript/TSX", "description": "This file defines a React functional component 'PageShell' used for rendering a page layout with a header and content area, along with its associated props type.", "external_files": ["./PageShell.module.css"], "external_methods": [], "published": ["PageShell", "PageShellProps"], "classes": [], "methods": [{"name": "PageShell", "description": "A React functional component that renders a page with a header and content area, accepting title, optional subtitle, and children as props."}], "calls": ["React.createElement", "React.JSX.Element"], "search-terms": ["PageShell", "React component", "Page layout", "TypeScript", "frontend", "PageShellProps"], "state": 2, "file_id": 23, "knowledge_revision": 62, "git_revision": "ea959781a9fd3d2bf64f7d2ac2993f6adf13af80", "ctags": [], "hash": "52377a01b5842bc618ac80d8f2a8d71b", "format-version": 4, "code-base-name": "frontend_app", "filename": "frontend_app/src/components/PageShell/PageShell.tsx", "revision_history": [{"62": "ea959781a9fd3d2bf64f7d2ac2993f6adf13af80"}]}