{"is_source_file": true, "format": "TypeScript (TSX)", "description": "This file defines a React component named AppLayout, which provides the overall layout structure for the application's pages. It includes a header with navigation links, a main content area, and a footer. The component uses CSS Modules for styling and React Router for navigation.", "external_files": ["./AppLayout.module.css", "react", "react-router-dom"], "external_methods": ["React.JSX.Element", "React.useState", "Date.prototype.getFullYear"], "published": ["AppLayout", "AppLayoutProps"], "classes": [], "methods": [{"name": "AppLayout", "description": "React functional component that renders the application layout with a header, navigation, main content, and footer. Accepts optional 'title' prop to customize the header title."}], "calls": ["new Date()", "new Date().getFullYear()", "styles.shell", "styles.header", "styles.brand", "styles.logoMark", "styles.title", "styles.nav", "styles.navLinkActive", "styles.navLink", "styles.main", "styles.footer", "styles.footerText", "React.createElement"], "search-terms": ["React component", "App layout", "navigation links", "CSS Modules", "react-router-dom NavLink", "Outlet", "footer with year"], "state": 2, "file_id": 21, "knowledge_revision": 60, "git_revision": "ea959781a9fd3d2bf64f7d2ac2993f6adf13af80", "ctags": [], "hash": "0ec2d0d0211c58611dc94dcb7b85def7", "format-version": 4, "code-base-name": "frontend_app", "filename": "frontend_app/src/layouts/AppLayout.tsx", "revision_history": [{"60": "ea959781a9fd3d2bf64f7d2ac2993f6adf13af80"}]}