{"is_source_file": true, "format": "TypeScript (TSX)", "description": "This file defines a React component named EventsPage that displays a list of mock event data with pagination, using several imported components and styles.", "external_files": ["../../components/PageShell/PageShell", "../../components/Pagination/Pagination", "./EventsPage.module.css"], "external_methods": [], "published": ["EventsPage"], "classes": [], "methods": [{"name": "EventsPage", "description": "React functional component rendering a protected list of events with pagination."}], "calls": ["React.useState", "React.useMemo", "MOCK_EVENTS.slice"], "search-terms": ["EventsPage", "Pagination", "MOCK_EVENTS", "PageShell", "React.JSX.Element", "event list", "protected list", "pagination"], "state": 2, "file_id": 31, "knowledge_revision": 102, "git_revision": "063a71fa79ccb7fe371457108ce8af9712ad03eb", "revision_history": [{"70": "ea959781a9fd3d2bf64f7d2ac2993f6adf13af80"}, {"102": "063a71fa79ccb7fe371457108ce8af9712ad03eb"}], "ctags": [], "hash": "83380cfb25c380df8e782fb06eed6d67", "format-version": 4, "code-base-name": "frontend_app", "filename": "frontend_app/src/pages/Events/EventsPage.tsx"}