{"is_source_file": false, "format": "", "description": "", "external_files": [], "external_methods": [], "published": [], "classes": [], "methods": [], "calls": [], "search-terms": [], "state": 2, "file_id": 30, "knowledge_revision": 69, "git_revision": "ea959781a9fd3d2bf64f7d2ac2993f6adf13af80", "hash": "b5e1cbe2b12ca6754cd3dd8af2c83fd7", "format-version": 4, "code-base-name": "frontend_app", "filename": "frontend_app/src/pages/Dashboard/DashboardPage.module.css", "revision_history": [{"69": "ea959781a9fd3d2bf64f7d2ac2993f6adf13af80"}]}