{"is_source_file": true, "format": "TypeScript", "description": "Defines API functions and types related to authentication in the frontend app, including login, registration, and getting current user info.", "external_files": ["../../api/client"], "external_methods": ["apiGet", "apiPost"], "published": ["login", "register", "getMe", "AuthUser", "AuthResponse", "LoginRequest", "RegisterRequest"], "classes": [], "methods": [{"name": "export async function login(payload: LoginRequest): Promise<AuthResponse> { login", "description": "Performs user login by calling the backend login API endpoint with provided credentials.", "scope": "", "scopeKind": ""}, {"name": "export async function register(payload: RegisterRequest): Promise<AuthResponse> { register", "description": "Performs user registration by calling the backend register API endpoint with provided details.", "scope": "", "scopeKind": ""}, {"name": "export async function getMe(): Promise<{ user: AuthUser }> { getMe", "description": "Fetches current authenticated user's info by calling the backend 'me' endpoint.", "scope": "", "scopeKind": ""}], "calls": ["apiPost<AuthResponse, LoginRequest>('/auth/login', payload)", "apiPost<AuthResponse, RegisterRequest>('/auth/register', payload)", "apiGet<{ user: AuthUser }>('/auth/me')"], "search-terms": ["authApi.ts", "AuthUser", "AuthResponse", "login", "register", "getMe", "apiPost", "apiGet"], "state": 2, "file_id": 38, "knowledge_revision": 143, "git_revision": "6bef831816c355a23923c6c65f8ce2159c3be375", "revision_history": [{"91": "6bef831816c355a23923c6c65f8ce2159c3be375"}, {"143": "6bef831816c355a23923c6c65f8ce2159c3be375"}], "ctags": [{"_type": "tag", "name": "AuthResponse", "path": "/home/kavia/workspace/code-generation/secure-user-authentication-platform-230652-230661/frontend_app/src/features/auth/authApi.ts", "pattern": "/^export type AuthResponse = {$/", "language": "TypeScript", "kind": "alias"}, {"_type": "tag", "name": "AuthUser", "path": "/home/kavia/workspace/code-generation/secure-user-authentication-platform-230652-230661/frontend_app/src/features/auth/authApi.ts", "pattern": "/^export type AuthUser = {$/", "language": "TypeScript", "kind": "alias"}, {"_type": "tag", "name": "LoginRequest", "path": "/home/kavia/workspace/code-generation/secure-user-authentication-platform-230652-230661/frontend_app/src/features/auth/authApi.ts", "pattern": "/^export type LoginRequest = {$/", "language": "TypeScript", "kind": "alias"}, {"_type": "tag", "name": "RegisterRequest", "path": "/home/kavia/workspace/code-generation/secure-user-authentication-platform-230652-230661/frontend_app/src/features/auth/authApi.ts", "pattern": "/^export type RegisterRequest = {$/", "language": "TypeScript", "kind": "alias"}, {"_type": "tag", "name": "getMe", "path": "/home/kavia/workspace/code-generation/secure-user-authentication-platform-230652-230661/frontend_app/src/features/auth/authApi.ts", "pattern": "/^export async function getMe(): Promise<{ user: AuthUser }> {$/", "language": "TypeScript", "kind": "function"}, {"_type": "tag", "name": "login", "path": "/home/kavia/workspace/code-generation/secure-user-authentication-platform-230652-230661/frontend_app/src/features/auth/authApi.ts", "pattern": "/^export async function login(payload: LoginRequest): Promise<AuthResponse> {$/", "language": "TypeScript", "kind": "function"}, {"_type": "tag", "name": "register", "path": "/home/kavia/workspace/code-generation/secure-user-authentication-platform-230652-230661/frontend_app/src/features/auth/authApi.ts", "pattern": "/^export async function register(payload: RegisterRequest): Promise<AuthResponse> {$/", "language": "TypeScript", "kind": "function"}], "hash": "2419c015cf67db214184aee348c7109b", "format-version": 4, "code-base-name": "frontend_app", "filename": "frontend_app/src/features/auth/authApi.ts"}