{"is_source_file": true, "format": "TypeScript (TSX)", "description": "This file defines a React component named EventsPage that displays a paginated list of mock event data. It imports React hooks, components for page layout and pagination, and styling modules. The component manages pagination state and renders a list of event items with pagination controls.", "external_files": ["../../components/PageShell/PageShell", "../../components/Pagination/Pagination", "./EventsPage.module.css"], "external_methods": ["React.useMemo", "React.useState"], "published": ["EventsPage"], "classes": [], "methods": [{"name": "EventsPage", "description": "React functional component that renders a list of events with pagination."}], "calls": ["React.useState", "React.useMemo", "MOCK_EVENTS.slice", "setPage"], "search-terms": ["EventsPage", "pagination", "MOCK_EVENTS", "EventItem", "React", "useMemo", "useState", "PageShell", "Pagination", "TypeScript"], "state": 2, "file_id": 31, "knowledge_revision": 117, "git_revision": "4a50de6d73674bdb2a2c1c3e6f2d5de4d1eb3fbb", "revision_history": [{"70": "ea959781a9fd3d2bf64f7d2ac2993f6adf13af80"}, {"102": "063a71fa79ccb7fe371457108ce8af9712ad03eb"}, {"117": "4a50de6d73674bdb2a2c1c3e6f2d5de4d1eb3fbb"}], "ctags": [], "hash": "ca0f72a8f8881614de286036b5f66573", "format-version": 4, "code-base-name": "frontend_app", "filename": "frontend_app/src/pages/Events/EventsPage.tsx"}