{"is_source_file": true, "format": "TypeScript (React TSX)", "description": "This file defines a React functional component called DashboardPage, which renders a protected user dashboard interface showing user info and a logout button. It uses React hooks, Redux state selectors, and React Router navigation.", "external_files": ["../../components/PageShell/PageShell", "../../store/hooks", "../../features/auth/authSlice", "./DashboardPage.module.css"], "external_methods": ["useNavigate", "useAppDispatch", "useAppSelector", "logoutRequested", "selectAuthStatus", "selectCurrentUser"], "published": ["DashboardPage"], "classes": [], "methods": [{"name": "DashboardPage", "description": "React functional component displaying user info and logout functionality in a protected dashboard page."}], "calls": ["useNavigate()", "useAppDispatch()", "useAppSelector()", "dispatch(logoutRequested())", "navigate('/login', { replace: true })"], "search-terms": ["DashboardPage", "React functional component", "protected route", "user authentication", "logout", "useAppSelector", "useNavigate"], "state": 2, "file_id": 29, "knowledge_revision": 135, "git_revision": "8ee4bc2e2199a7fd145b0319178540d3808a6eac", "revision_history": [{"68": "ea959781a9fd3d2bf64f7d2ac2993f6adf13af80"}, {"101": "063a71fa79ccb7fe371457108ce8af9712ad03eb"}, {"135": "8ee4bc2e2199a7fd145b0319178540d3808a6eac"}], "ctags": [], "hash": "597980273bd7dc9763b0afe673cde2f1", "format-version": 4, "code-base-name": "frontend_app", "filename": "frontend_app/src/pages/Dashboard/DashboardPage.tsx"}