{"is_source_file": true, "format": "TypeScript (TSX)", "description": "React component that provides the main application layout with navigation, header, footer, and outlet for nested routes.", "external_files": ["../store/hooks", "../features/auth/authSlice", "./AppLayout.module.css", "react", "react-router-dom"], "external_methods": ["useNavigate", "useAppDispatch", "useAppSelector", "logoutRequested", "selectAuthStatus"], "published": ["AppLayout", "AppLayoutProps"], "classes": [], "methods": [{"name": "AppLayout", "description": "React functional component that renders the app layout with navigation and footer, handling user authentication state."}, {"name": "onLogout", "description": "Handles user logout by dispatching logoutRequested and navigating to login page."}], "calls": ["useNavigate()", "useAppDispatch()", "useAppSelector()", "dispatch(logoutRequested())", "navigate('/login', { replace: true })", "new Date().getFullYear()"], "search-terms": ["AppLayout", "React", "navigation", "auth", "logout", "Outlet", "styles", "useAppDispatch", "useAppSelector"], "state": 2, "file_id": 21, "knowledge_revision": 134, "git_revision": "8ee4bc2e2199a7fd145b0319178540d3808a6eac", "revision_history": [{"60": "ea959781a9fd3d2bf64f7d2ac2993f6adf13af80"}, {"129": "64a25b2f0834ee5bfe178821a1ee6bda1930ebe8"}, {"134": "8ee4bc2e2199a7fd145b0319178540d3808a6eac"}], "ctags": [], "hash": "a7a19c465e06e2b384659519f2904ba1", "format-version": 4, "code-base-name": "frontend_app", "filename": "frontend_app/src/layouts/AppLayout.tsx"}