{"is_source_file": true, "format": "TypeScript", "description": "Configuration file for Vite build tool in a React frontend project, setting up plugins, server, preview, and test environment options.", "external_files": ["./src/test/setupTests.ts"], "external_methods": ["defineConfig"], "published": ["default"], "classes": [], "methods": [{"name": "defineConfig", "description": "Function used to define and export Vite configuration options."}], "calls": ["defineConfig"], "search-terms": ["vite.config.ts", "Vite configuration", "React plugin", "server settings", "test environment"], "state": 2, "file_id": 13, "knowledge_revision": 144, "git_revision": "ac996c7fa7f93698e49dad95562b993bea8dfc6b", "revision_history": [{"33": ""}, {"144": "ac996c7fa7f93698e49dad95562b993bea8dfc6b"}], "ctags": [], "hash": "dec3c3383e7435b95305c1118de4b2e1", "format-version": 4, "code-base-name": "frontend_app", "filename": "frontend_app/vite.config.ts"}