{"is_source_file": true, "format": "TypeScript", "description": "This file manages storage of the authentication token in localStorage, providing functions to get, set, and clear the token, as well as an isAuthenticated helper based on token existence.", "external_files": ["window.localStorage"], "external_methods": ["window.localStorage.getItem", "window.localStorage.setItem", "window.localStorage.removeItem"], "published": ["AUTH_TOKEN_STORAGE_KEY", "getAuthToken", "isAuthenticated", "setAuthToken", "clearAuthToken"], "classes": [], "methods": [{"name": "export function getAuthToken(): string | null { getAuthToken", "description": "Reads the current auth token from localStorage; returns the token string or null.", "scope": "", "scopeKind": ""}, {"name": "export function isAuthenticated(): boolean { isAuthenticated", "description": "Checks if an auth token exists in localStorage; returns true if present, otherwise false.", "scope": "", "scopeKind": ""}, {"name": "export function setAuthToken(token: string): void { setAuthToken", "description": "Stores a given auth token string in localStorage.", "scope": "", "scopeKind": ""}, {"name": "export function clearAuthToken(): void { clearAuthToken", "description": "Removes the auth token from localStorage.", "scope": "", "scopeKind": ""}], "calls": ["window.localStorage.getItem", "window.localStorage.setItem", "window.localStorage.removeItem"], "search-terms": ["auth_token", "localStorage", "tokenStorage", "token retrieval", "token persistence"], "state": 2, "file_id": 19, "knowledge_revision": 142, "git_revision": "ea959781a9fd3d2bf64f7d2ac2993f6adf13af80", "revision_history": [{"58": "ea959781a9fd3d2bf64f7d2ac2993f6adf13af80"}, {"142": "ea959781a9fd3d2bf64f7d2ac2993f6adf13af80"}], "ctags": [{"_type": "tag", "name": "AUTH_TOKEN_STORAGE_KEY", "path": "/home/kavia/workspace/code-generation/secure-user-authentication-platform-230652-230661/frontend_app/src/auth/tokenStorage.ts", "pattern": "/^export const AUTH_TOKEN_STORAGE_KEY = \"auth_token\";$/", "language": "TypeScript", "kind": "constant"}, {"_type": "tag", "name": "clearAuthToken", "path": "/home/kavia/workspace/code-generation/secure-user-authentication-platform-230652-230661/frontend_app/src/auth/tokenStorage.ts", "pattern": "/^export function clearAuthToken(): void {$/", "language": "TypeScript", "kind": "function"}, {"_type": "tag", "name": "getAuthToken", "path": "/home/kavia/workspace/code-generation/secure-user-authentication-platform-230652-230661/frontend_app/src/auth/tokenStorage.ts", "pattern": "/^export function getAuthToken(): string | null {$/", "language": "TypeScript", "kind": "function"}, {"_type": "tag", "name": "isAuthenticated", "path": "/home/kavia/workspace/code-generation/secure-user-authentication-platform-230652-230661/frontend_app/src/auth/tokenStorage.ts", "pattern": "/^export function isAuthenticated(): boolean {$/", "language": "TypeScript", "kind": "function"}, {"_type": "tag", "name": "setAuthToken", "path": "/home/kavia/workspace/code-generation/secure-user-authentication-platform-230652-230661/frontend_app/src/auth/tokenStorage.ts", "pattern": "/^export function setAuthToken(token: string): void {$/", "language": "TypeScript", "kind": "function"}], "hash": "e52f1c4bb74f0c727c22eb9f4996e784", "format-version": 4, "code-base-name": "frontend_app", "filename": "frontend_app/src/auth/tokenStorage.ts"}