{"is_source_file": true, "format": "TypeScript", "description": "This file defines a React component 'ProtectedRoute' used for route guarding based on authentication status, managing redirects for protected and public-only routes in a frontend application.", "external_files": ["react", "react-router-dom", "../store/hooks", "../features/auth/authSlice"], "external_methods": ["useLocation", "useAppSelector", "selectAuthStatus", "Navigate", "Outlet"], "published": ["ProtectedRoute", "ProtectedRouteMode", "ProtectedRouteProps"], "classes": [], "methods": [{"name": "ProtectedRoute", "description": "React functional component that implements route guarding based on authentication status, supporting 'protected' and 'publicOnly' modes."}], "calls": ["useLocation()", "useAppSelector(selectAuthStatus)", "Navigate to several paths (redirectTo and authenticatedRedirectTo)"], "search-terms": ["ProtectedRoute", "route guard", "auth redirect", "React router route protection", "ProtectedRouteMode"], "state": 2, "file_id": 20, "knowledge_revision": 136, "git_revision": "8ee4bc2e2199a7fd145b0319178540d3808a6eac", "revision_history": [{"59": "ea959781a9fd3d2bf64f7d2ac2993f6adf13af80"}, {"132": "ea959781a9fd3d2bf64f7d2ac2993f6adf13af80"}, {"136": "8ee4bc2e2199a7fd145b0319178540d3808a6eac"}], "ctags": [], "hash": "326b4bc2fdb8e9ed0c135239b5d7dace", "format-version": 4, "code-base-name": "frontend_app", "filename": "frontend_app/src/routes/ProtectedRoute.tsx"}