{"is_source_file": true, "format": "TypeScript (TSX)", "description": "This is the main entry point for a React application, setting up rendering, routing, and state management with Redux.", "external_files": ["./index.css", "./App", "./store/store"], "external_methods": ["ReactDOM.createRoot", "React.StrictMode", "ReactDOM.createRoot().render", "Provider", "BrowserRouter"], "published": [], "classes": [], "methods": [{"name": "ReactDOM.createRoot", "description": "Creates a root for React to render the component tree."}, {"name": "React.StrictMode", "description": "Activates additional checks and warnings for its children in development mode."}, {"name": "ReactDOM.createRoot().render", "description": "Renders the React element tree into the DOM."}], "calls": ["ReactDOM.createRoot", "ReactDOM.createRoot().render"], "search-terms": ["main.tsx", "React", "Redux", "routing", "entry point", "ReactDOM", "App component"], "state": 2, "file_id": 17, "knowledge_revision": 77, "git_revision": "ea959781a9fd3d2bf64f7d2ac2993f6adf13af80", "revision_history": [{"37": ""}, {"57": "ea959781a9fd3d2bf64f7d2ac2993f6adf13af80"}, {"77": "ea959781a9fd3d2bf64f7d2ac2993f6adf13af80"}], "ctags": [], "hash": "e2d8176d6b2b4b637398d3f0b501bb24", "format-version": 4, "code-base-name": "frontend_app", "filename": "frontend_app/src/main.tsx"}