{"is_source_file": false, "format": "", "description": "", "external_files": [], "external_methods": [], "published": [], "classes": [], "methods": [], "calls": [], "search-terms": [], "state": 2, "file_id": 6, "knowledge_revision": 125, "git_revision": "950cc8a4ece4e2bdf6c4b22e9b16e865f69f039f", "hash": "991736311feec115efc67797889ba05e", "format-version": 4, "code-base-name": "frontend_app", "filename": "frontend_app/src/App.css", "revision_history": [{"125": "950cc8a4ece4e2bdf6c4b22e9b16e865f69f039f"}]}