{"is_source_file": false, "format": "", "description": "", "external_files": [], "external_methods": [], "published": [], "classes": [], "methods": [], "calls": [], "search-terms": [], "state": 2, "file_id": 4, "knowledge_revision": 127, "git_revision": "64a25b2f0834ee5bfe178821a1ee6bda1930ebe8", "hash": "e9ee8f2693310db025ba7f87e7113ed6", "format-version": 4, "code-base-name": "frontend_app", "filename": "frontend_app/src/index.css", "revision_history": [{"127": "64a25b2f0834ee5bfe178821a1ee6bda1930ebe8"}]}