{"is_source_file": false, "format": "", "description": "", "external_files": [], "external_methods": [], "published": [], "classes": [], "methods": [], "calls": [], "search-terms": ["Loader", "CSS styles", "spinner", "fullScreenOverlay", "fullScreenPanel"], "state": 2, "file_id": 43, "knowledge_revision": 110, "git_revision": "4a50de6d73674bdb2a2c1c3e6f2d5de4d1eb3fbb", "hash": "746253a9d167279c59f7f9d363b31d26", "format-version": 4, "code-base-name": "frontend_app", "filename": "frontend_app/src/components/Loader/Loader.module.css", "revision_history": [{"110": "4a50de6d73674bdb2a2c1c3e6f2d5de4d1eb3fbb"}]}