{"is_source_file": true, "format": "TypeScript declaration file (.d.ts)", "description": "This file provides type reference information for the Vite client environment, aiding TypeScript in understanding the types available during development.", "external_files": ["vite/client"], "external_methods": [], "published": [], "classes": [], "methods": [], "calls": [], "search-terms": ["vite-env", "vite", "reference types", "typescript", "vite/client"], "state": 3, "file_id": 15, "knowledge_revision": 35, "git_revision": "", "ctags": [], "hash": "0352474ba2918efe13895edbc3780d94", "format-version": 4, "code-base-name": "frontend_app", "filename": "frontend_app/src/vite-env.d.ts", "revision_history": [{"35": ""}, {"84": "ac996c7fa7f93698e49dad95562b993bea8dfc6b"}]}