{"is_source_file": true, "format": "TypeScript/TSX", "description": "This file defines a React component 'ProtectedRoute' that acts as a route guard, redirecting unauthenticated users to a login page and allowing authenticated users to access certain routes.", "external_files": ["../auth/tokenStorage", "react", "react-router-dom"], "external_methods": ["isAuthenticated", "useLocation", "Navigate", "Outlet"], "published": ["ProtectedRoute", "ProtectedRouteProps"], "classes": [], "methods": [{"name": "ProtectedRoute", "description": "Functional React component that checks user authentication status and conditionally renders navigation or child routes."}], "calls": ["isAuthenticated()", "useLocation()", "Navigate", "Outlet"], "search-terms": ["ProtectedRoute", "react-router-dom", "authentication guard", "route protection", "jsx", "TypeScript route guard"], "state": 2, "file_id": 20, "knowledge_revision": 59, "git_revision": "ea959781a9fd3d2bf64f7d2ac2993f6adf13af80", "ctags": [], "hash": "b36d00317edfae0ca1216d9219843b26", "format-version": 4, "code-base-name": "frontend_app", "filename": "frontend_app/src/routes/ProtectedRoute.tsx", "revision_history": [{"59": "ea959781a9fd3d2bf64f7d2ac2993f6adf13af80"}]}