{"is_source_file": false, "format": null, "description": "", "external_files": [], "external_methods": [], "published": [], "classes": [], "methods": [], "calls": [], "search-terms": [], "state": 2, "file_id": 1, "knowledge_revision": 26, "git_revision": "950cc8a4ece4e2bdf6c4b22e9b16e865f69f039f", "hash": "2349fbe9bb4ac36bd4204f01c30674cf", "format-version": 4, "code-base-name": "frontend_app", "filename": "frontend_app/package.json", "revision_history": [{"26": "950cc8a4ece4e2bdf6c4b22e9b16e865f69f039f"}]}