{"is_source_file": false, "format": "", "description": "", "external_files": [], "external_methods": [], "published": [], "classes": [], "methods": [], "calls": [], "search-terms": [], "state": 2, "file_id": 24, "knowledge_revision": 131, "git_revision": "64a25b2f0834ee5bfe178821a1ee6bda1930ebe8", "hash": "b3af97f7a4406f227b1927f47b992dfb", "format-version": 4, "code-base-name": "frontend_app", "filename": "frontend_app/src/components/PageShell/PageShell.module.css", "revision_history": [{"131": "64a25b2f0834ee5bfe178821a1ee6bda1930ebe8"}]}