{"is_source_file": true, "format": "HTML", "description": "This is an HTML template file for the frontend app of a secure user authentication platform. It sets up the basic HTML structure, includes metadata, links to external fonts, and includes a root div for rendering a JavaScript-based frontend application.", "external_files": ["%PUBLIC_URL%/favicon.ico", "%PUBLIC_URL%/logo192.png", "%PUBLIC_URL%/manifest.json"], "external_methods": [], "published": [], "classes": [], "methods": [], "calls": [], "search-terms": ["frontend_app", "index.html", "HTML template", "public directory", "meta tags", "font preconnect", "app root div"], "state": 2, "file_id": 10, "knowledge_revision": 23, "git_revision": "950cc8a4ece4e2bdf6c4b22e9b16e865f69f039f", "hash": "d2b40d02d5f7873d8a6713bad837edd4", "format-version": 4, "code-base-name": "frontend_app", "filename": "frontend_app/public/index.html", "revision_history": [{"23": "950cc8a4ece4e2bdf6c4b22e9b16e865f69f039f"}]}