{"is_source_file": false, "format": "", "description": "", "external_files": [], "external_methods": [], "published": [], "classes": [], "methods": [], "calls": [], "search-terms": [], "state": 2, "file_id": 28, "knowledge_revision": 67, "git_revision": "ea959781a9fd3d2bf64f7d2ac2993f6adf13af80", "hash": "43f6eea834aeb5b3351eb42f9e449a82", "format-version": 4, "code-base-name": "frontend_app", "filename": "frontend_app/src/pages/Register/RegisterPage.module.css", "revision_history": [{"67": "ea959781a9fd3d2bf64f7d2ac2993f6adf13af80"}]}