{"is_source_file": true, "format": "TypeScript React (.tsx)", "description": "This file defines a React component for the user registration page, including form validation, Redux state integration, and navigation logic.", "external_files": ["../../components/PageShell/PageShell", "../../store/hooks", "../../features/auth/authSlice", "./RegisterPage.module.css", "react", "react-router-dom"], "external_methods": ["useNavigate", "useAppDispatch", "useAppSelector", "selectAuthStatus", "selectAuthError", "registerRequested"], "published": ["RegisterPage"], "classes": [], "methods": [{"name": "validate", "description": "Validates email and password inputs, returning error messages if validation rules are violated."}], "calls": ["useNavigate", "useAppDispatch", "useAppSelector", "selectAuthStatus", "selectAuthError", "dispatch", "registerRequested", "useEffect", "setErrors", "setTouched", "validate"], "search-terms": ["RegisterPage", "RegisterFormValues", "validation", "authSlice", "React", "useState", "useEffect", "form validation"], "state": 2, "file_id": 27, "knowledge_revision": 96, "git_revision": "f7618251e9cfd7c5afeba39ccb125336df81bdfd", "revision_history": [{"66": "ea959781a9fd3d2bf64f7d2ac2993f6adf13af80"}, {"96": "f7618251e9cfd7c5afeba39ccb125336df81bdfd"}], "ctags": [], "hash": "7907e6c05cfaa6be645008e8d7e34e17", "format-version": 4, "code-base-name": "frontend_app", "filename": "frontend_app/src/pages/Register/RegisterPage.tsx"}