{"is_source_file": true, "format": "TypeScript (TSX)", "description": "This file defines a React functional component for a modal dialog with focus trap, portal rendering, and accessibility features. It includes type definitions for properties, internal focus management, and event handling for closing the modal.", "external_files": ["./Modal.module.css"], "external_methods": ["createPortal"], "published": ["Modal", "ModalProps"], "classes": [], "methods": [{"name": "getFocusableElements", "description": "Utility function to retrieve focusable elements within a given root HTMLElement, filtering out invisible elements."}], "calls": ["React.useEffect", "React.useId", "React.useRef", "React.useMemo", "React.createPortal", "document.querySelectorAll", "element.getBoundingClientRect", "document.activeElement", "document.body.style.overflow", "document.addEventListener", "document.removeEventListener"], "search-terms": ["Modal", "React portal modal", "focus trap", "accessible modal", "React hooks modal", "CSS module styles", "TSX modal component"], "state": 2, "file_id": 46, "knowledge_revision": 120, "git_revision": "4a50de6d73674bdb2a2c1c3e6f2d5de4d1eb3fbb", "ctags": [], "hash": "c5915ec582e2f2f57cf442ad15c37ad2", "format-version": 4, "code-base-name": "frontend_app", "filename": "frontend_app/src/components/Modal/Modal.tsx", "revision_history": [{"120": "4a50de6d73674bdb2a2c1c3e6f2d5de4d1eb3fbb"}]}