{"is_source_file": true, "format": "TypeScript (TSX)", "description": "This is a React component defining the main application routes and layout for a single-page application, including public and protected routes.", "external_files": ["./layouts/AppLayout", "./routes/ProtectedRoute", "./pages/Login/LoginPage", "./pages/Register/RegisterPage", "./pages/Dashboard/DashboardPage", "./pages/Events/EventsPage", "./App.css"], "external_methods": ["React.JSX.Element", "Navigate", "Route", "Routes"], "published": ["App"], "classes": [], "methods": [{"name": "App", "description": "Main application component that sets up routing and layout."}], "calls": ["React", "Navigate", "Route", "Routes", "AppLayout", "LoginPage", "RegisterPage", "DashboardPage", "EventsPage", "ProtectedRoute"], "search-terms": ["/home/kavia/workspace/code-generation/secure-user-authentication-platform-230652-230661/frontend_app/src/App.tsx", "react-router-dom", "routes", "layout", "protected routes", "page components", "SPA routes"], "state": 2, "file_id": 18, "knowledge_revision": 56, "git_revision": "ea959781a9fd3d2bf64f7d2ac2993f6adf13af80", "revision_history": [{"38": ""}, {"56": "ea959781a9fd3d2bf64f7d2ac2993f6adf13af80"}], "ctags": [], "hash": "1f1f3bff62b11c101546dd6c40874f15", "format-version": 4, "code-base-name": "frontend_app", "filename": "frontend_app/src/App.tsx"}