{"is_source_file": true, "format": "TypeScript (TSX)", "description": "This file defines an ErrorBoundary React component that captures JavaScript errors in child components, displays a fallback UI, and provides reset and navigation options.", "external_files": ["./ErrorBoundary.module.css"], "external_methods": [], "published": ["ErrorBoundary", "ErrorBoundaryFallbackProps", "ErrorBoundaryProps"], "classes": [{"name": "ErrorBoundary", "description": "A React component implementing an error boundary with customizable fallback UI, error resetting, and error handling."}], "methods": [{"name": "resetErrorBoundary", "description": "Resets the error state, allowing the child components to re-render without error."}, {"name": "getDerivedStateFromError", "description": "Static method that updates state when an error is caught, storing the error."}, {"name": "componentDidCatch", "description": "Lifecycle method to handle errors after they've been thrown, invoking the optional onError callback."}, {"name": "render", "description": "Renders either the children or the fallback UI if an error has occurred."}], "calls": ["this.setState", "this.props.onError?.()", "window.location.assign"], "search-terms": ["React Error Boundary", "Error handling component", "Fallback UI", "resetErrorBoundary", "ErrorBoundary.tsx"], "state": 2, "file_id": 48, "knowledge_revision": 122, "git_revision": "4a50de6d73674bdb2a2c1c3e6f2d5de4d1eb3fbb", "ctags": [], "hash": "e36497c2b8d280cc1de77c717eb33e93", "format-version": 4, "code-base-name": "frontend_app", "filename": "frontend_app/src/components/ErrorBoundary/ErrorBoundary.tsx", "revision_history": [{"122": "4a50de6d73674bdb2a2c1c3e6f2d5de4d1eb3fbb"}]}