{"is_source_file": true, "format": "TypeScript (TSX)", "description": "React component for the Login Page; handles user login form, validation, and dispatches login requests via Redux.", "external_files": ["../../components/PageShell/PageShell", "../../store/hooks", "../../features/auth/authSlice", "./LoginPage.module.css", "react", "react-router-dom"], "external_methods": ["useNavigate", "useLocation", "useAppDispatch", "useAppSelector", "loginRequested", "selectAuthError", "selectAuthStatus"], "published": ["LoginPage"], "classes": [], "methods": [{"name": "safeNextPath", "description": "Determines the next navigation path after login, defaulting to '/dashboard'."}, {"name": "validate", "description": "Validates login form values, returns errors for email and password."}], "calls": ["useNavigate", "useLocation", "useAppDispatch", "useAppSelector", "safeNextPath", "validate", "dispatch", "navigate"], "search-terms": ["LoginPage", "React login form", "Redux Saga authentication", "react-router-dom login", "form validation"], "state": 2, "file_id": 25, "knowledge_revision": 94, "git_revision": "ea959781a9fd3d2bf64f7d2ac2993f6adf13af80", "revision_history": [{"64": "ea959781a9fd3d2bf64f7d2ac2993f6adf13af80"}, {"94": "ea959781a9fd3d2bf64f7d2ac2993f6adf13af80"}], "ctags": [], "hash": "05bda7151d19e9480903aad3f2cbebeb", "format-version": 4, "code-base-name": "frontend_app", "filename": "frontend_app/src/pages/Login/LoginPage.tsx"}