{"is_source_file": true, "format": "TypeScript", "description": "This file defines the Redux slice for authentication, including state types, actions, reducers, and selectors related to user authentication process.", "external_files": ["../../store/store"], "external_methods": ["createSlice", "PayloadAction"], "published": ["authReducer", "loginRequested", "registerRequested", "loadMeRequested", "logoutRequested", "authRehydrateRequested", "authSucceeded", "meLoaded", "authFailed", "selectAuthStatus", "selectIsAuthenticated", "selectCurrentUser", "selectAuthError", "selectToken"], "classes": [], "methods": [{"name": "authReducer", "description": "Reducer function for updating auth state based on dispatched actions."}, {"name": "loginRequested", "description": "Action creator for initiating login request; sets loading state."}, {"name": "registerRequested", "description": "Action creator for initiating registration; sets loading state."}, {"name": "loadMeRequested", "description": "Action for requesting current user info; sets loading state."}, {"name": "logoutRequested", "description": "Action for logging out; resets auth state."}, {"name": "authRehydrateRequested", "description": "Action for restoring auth state on app start."}, {"name": "authSucceeded", "description": "Action dispatched when authentication succeeds; updates user and token."}, {"name": "meLoaded", "description": "Action dispatched when user info is loaded; updates user info."}, {"name": "authFailed", "description": "Action dispatched on authentication failure; records error message."}, {"name": "selectAuthStatus", "description": "Selector to get current authentication status."}, {"name": "selectIsAuthenticated", "description": "Selector to determine if user is authenticated."}, {"name": "selectCurrentUser", "description": "Selector to retrieve current user info."}, {"name": "selectAuthError", "description": "Selector for the last authentication error message."}, {"name": "selectToken", "description": "Selector for current auth token."}], "calls": ["createSlice", "PayloadAction"], "search-terms": ["authSlice", "redux", "authState", "authActions", "authSelectors", "authReducer"], "state": 2, "file_id": 39, "knowledge_revision": 138, "git_revision": "ea03ff989d3ed085c48c916983faeb56a4ca8217", "revision_history": [{"92": "6bef831816c355a23923c6c65f8ce2159c3be375"}, {"138": "ea03ff989d3ed085c48c916983faeb56a4ca8217"}], "ctags": [{"_type": "tag", "name": "AuthState", "path": "/home/kavia/workspace/code-generation/secure-user-authentication-platform-230652-230661/frontend_app/src/features/auth/authSlice.ts", "pattern": "/^export type AuthState = {$/", "language": "TypeScript", "kind": "alias"}, {"_type": "tag", "name": "AuthStatus", "path": "/home/kavia/workspace/code-generation/secure-user-authentication-platform-230652-230661/frontend_app/src/features/auth/authSlice.ts", "pattern": "/^export type AuthStatus = \"idle\" | \"loading\" | \"authenticated\" | \"error\";$/", "language": "TypeScript", "kind": "alias"}, {"_type": "tag", "name": "AuthSuccessPayload", "path": "/home/kavia/workspace/code-generation/secure-user-authentication-platform-230652-230661/frontend_app/src/features/auth/authSlice.ts", "pattern": "/^export type AuthSuccessPayload = {$/", "language": "TypeScript", "kind": "alias"}, {"_type": "tag", "name": "AuthUser", "path": "/home/kavia/workspace/code-generation/secure-user-authentication-platform-230652-230661/frontend_app/src/features/auth/authSlice.ts", "pattern": "/^export type AuthUser = {$/", "language": "TypeScript", "kind": "alias"}, {"_type": "tag", "name": "LoginRequestedPayload", "path": "/home/kavia/workspace/code-generation/secure-user-authentication-platform-230652-230661/frontend_app/src/features/auth/authSlice.ts", "pattern": "/^export type LoginRequestedPayload = {$/", "language": "TypeScript", "kind": "alias"}, {"_type": "tag", "name": "RegisterRequestedPayload", "path": "/home/kavia/workspace/code-generation/secure-user-authentication-platform-230652-230661/frontend_app/src/features/auth/authSlice.ts", "pattern": "/^export type RegisterRequestedPayload = {$/", "language": "TypeScript", "kind": "alias"}, {"_type": "tag", "name": "authFailed", "path": "/home/kavia/workspace/code-generation/secure-user-authentication-platform-230652-230661/frontend_app/src/features/auth/authSlice.ts", "pattern": "/^  authFailed$/", "language": "TypeScript", "kind": "constant"}, {"_type": "tag", "name": "authReducer", "path": "/home/kavia/workspace/code-generation/secure-user-authentication-platform-230652-230661/frontend_app/src/features/auth/authSlice.ts", "pattern": "/^export const authReducer = authSlice.reducer;$/", "language": "TypeScript", "kind": "constant"}, {"_type": "tag", "name": "authRehydrateRequested", "path": "/home/kavia/workspace/code-generation/secure-user-authentication-platform-230652-230661/frontend_app/src/features/auth/authSlice.ts", "pattern": "/^  authRehydrateRequested,$/", "language": "TypeScript", "kind": "constant"}, {"_type": "tag", "name": "authSlice", "path": "/home/kavia/workspace/code-generation/secure-user-authentication-platform-230652-230661/frontend_app/src/features/auth/authSlice.ts", "pattern": "/^const authSlice = createSlice({$/", "language": "TypeScript", "kind": "constant"}, {"_type": "tag", "name": "authSucceeded", "path": "/home/kavia/workspace/code-generation/secure-user-authentication-platform-230652-230661/frontend_app/src/features/auth/authSlice.ts", "pattern": "/^  authSucceeded,$/", "language": "TypeScript", "kind": "constant"}, {"_type": "tag", "name": "initialState", "path": "/home/kavia/workspace/code-generation/secure-user-authentication-platform-230652-230661/frontend_app/src/features/auth/authSlice.ts", "pattern": "/^const initialState: AuthState = {$/", "language": "TypeScript", "kind": "constant"}, {"_type": "tag", "name": "loadMeRequested", "path": "/home/kavia/workspace/code-generation/secure-user-authentication-platform-230652-230661/frontend_app/src/features/auth/authSlice.ts", "pattern": "/^  loadMeRequested,$/", "language": "TypeScript", "kind": "constant"}, {"_type": "tag", "name": "loginRequested", "path": "/home/kavia/workspace/code-generation/secure-user-authentication-platform-230652-230661/frontend_app/src/features/auth/authSlice.ts", "pattern": "/^  loginRequested,$/", "language": "TypeScript", "kind": "constant"}, {"_type": "tag", "name": "logoutRequested", "path": "/home/kavia/workspace/code-generation/secure-user-authentication-platform-230652-230661/frontend_app/src/features/auth/authSlice.ts", "pattern": "/^  logoutRequested,$/", "language": "TypeScript", "kind": "constant"}, {"_type": "tag", "name": "meLoaded", "path": "/home/kavia/workspace/code-generation/secure-user-authentication-platform-230652-230661/frontend_app/src/features/auth/authSlice.ts", "pattern": "/^  meLoaded,$/", "language": "TypeScript", "kind": "constant"}, {"_type": "tag", "name": "registerRequested", "path": "/home/kavia/workspace/code-generation/secure-user-authentication-platform-230652-230661/frontend_app/src/features/auth/authSlice.ts", "pattern": "/^  registerRequested,$/", "language": "TypeScript", "kind": "constant"}, {"_type": "tag", "name": "selectAuthError", "path": "/home/kavia/workspace/code-generation/secure-user-authentication-platform-230652-230661/frontend_app/src/features/auth/authSlice.ts", "pattern": "/^export const selectAuthError = (state: RootState): string | undefined => {$/", "language": "TypeScript", "kind": "constant"}, {"_type": "tag", "name": "selectAuthStatus", "path": "/home/kavia/workspace/code-generation/secure-user-authentication-platform-230652-230661/frontend_app/src/features/auth/authSlice.ts", "pattern": "/^export const selectAuthStatus = (state: RootState): AuthStatus => {$/", "language": "TypeScript", "kind": "constant"}, {"_type": "tag", "name": "selectCurrentUser", "path": "/home/kavia/workspace/code-generation/secure-user-authentication-platform-230652-230661/frontend_app/src/features/auth/authSlice.ts", "pattern": "/^export const selectCurrentUser = (state: RootState): AuthUser | null => {$/", "language": "TypeScript", "kind": "constant"}, {"_type": "tag", "name": "selectIsAuthenticated", "path": "/home/kavia/workspace/code-generation/secure-user-authentication-platform-230652-230661/frontend_app/src/features/auth/authSlice.ts", "pattern": "/^export const selectIsAuthenticated = (state: RootState): boolean => {$/", "language": "TypeScript", "kind": "constant"}, {"_type": "tag", "name": "selectToken", "path": "/home/kavia/workspace/code-generation/secure-user-authentication-platform-230652-230661/frontend_app/src/features/auth/authSlice.ts", "pattern": "/^export const selectToken = (state: RootState): string | null => {$/", "language": "TypeScript", "kind": "constant"}, {"_type": "tag", "name": "status", "path": "/home/kavia/workspace/code-generation/secure-user-authentication-platform-230652-230661/frontend_app/src/features/auth/authSlice.ts", "pattern": "/^  status: \"idle\",$/", "language": "TypeScript", "kind": "constant"}, {"_type": "tag", "name": "token", "path": "/home/kavia/workspace/code-generation/secure-user-authentication-platform-230652-230661/frontend_app/src/features/auth/authSlice.ts", "pattern": "/^  token: null,$/", "language": "TypeScript", "kind": "constant"}], "hash": "0218789db9b45e7c26e9864cffc1e900", "format-version": 4, "code-base-name": "frontend_app", "filename": "frontend_app/src/features/auth/authSlice.ts"}