{"is_source_file": true, "file_id": 38, "git_revision": "", "state": 1, "description": "", "external_files": [], "external_methods": [], "published": [], "classes": [], "methods": [], "calls": [], "search-terms": [], "ctags": [{"_type": "tag", "name": "AuthResponse", "path": "/home/kavia/workspace/code-generation/secure-user-authentication-platform-230652-230661/frontend_app/src/features/auth/authApi.ts", "pattern": "/^export type AuthResponse = {$/", "language": "TypeScript", "kind": "alias"}, {"_type": "tag", "name": "AuthUser", "path": "/home/kavia/workspace/code-generation/secure-user-authentication-platform-230652-230661/frontend_app/src/features/auth/authApi.ts", "pattern": "/^export type AuthUser = {$/", "language": "TypeScript", "kind": "alias"}, {"_type": "tag", "name": "LoginRequest", "path": "/home/kavia/workspace/code-generation/secure-user-authentication-platform-230652-230661/frontend_app/src/features/auth/authApi.ts", "pattern": "/^export type LoginRequest = {$/", "language": "TypeScript", "kind": "alias"}, {"_type": "tag", "name": "RegisterRequest", "path": "/home/kavia/workspace/code-generation/secure-user-authentication-platform-230652-230661/frontend_app/src/features/auth/authApi.ts", "pattern": "/^export type RegisterRequest = {$/", "language": "TypeScript", "kind": "alias"}, {"_type": "tag", "name": "getMe", "path": "/home/kavia/workspace/code-generation/secure-user-authentication-platform-230652-230661/frontend_app/src/features/auth/authApi.ts", "pattern": "/^export async function getMe(): Promise<{ user: AuthUser }> {$/", "language": "TypeScript", "kind": "function"}, {"_type": "tag", "name": "login", "path": "/home/kavia/workspace/code-generation/secure-user-authentication-platform-230652-230661/frontend_app/src/features/auth/authApi.ts", "pattern": "/^export async function login(payload: LoginRequest): Promise<AuthResponse> {$/", "language": "TypeScript", "kind": "function"}, {"_type": "tag", "name": "register", "path": "/home/kavia/workspace/code-generation/secure-user-authentication-platform-230652-230661/frontend_app/src/features/auth/authApi.ts", "pattern": "/^export async function register(payload: RegisterRequest): Promise<AuthResponse> {$/", "language": "TypeScript", "kind": "function"}], "format": "TypeScript", "hash": "d402792a5dbd88bc6ba22493de0aa6d5", "format-version": 4, "code-base-name": "frontend_app", "filename": "frontend_app/src/features/auth/authApi.ts", "knowledge_revision": 86}