{"is_source_file": false, "format": "", "description": "", "external_files": [], "external_methods": [], "published": [], "classes": [], "methods": [], "calls": [], "search-terms": [], "state": 2, "file_id": 2, "knowledge_revision": 17, "git_revision": "950cc8a4ece4e2bdf6c4b22e9b16e865f69f039f", "hash": "ebece526bc2eadd78ddd787a76c56607", "format-version": 4, "code-base-name": "frontend_app", "filename": "frontend_app/README.md", "revision_history": [{"17": "950cc8a4ece4e2bdf6c4b22e9b16e865f69f039f"}]}