{"is_source_file": true, "format": "TypeScript", "description": "This file configures the Vite development server and build process for the frontend React application, including plugin setup and server options.", "external_files": ["@vitejs/plugin-react", "vite"], "external_methods": ["defineConfig"], "published": ["default"], "classes": [], "methods": [], "calls": ["defineConfig"], "search-terms": ["vite", "react", "vite.config.ts", "development server", "build configuration", "plugin"], "state": 2, "file_id": 13, "knowledge_revision": 33, "git_revision": "", "ctags": [], "hash": "1a97bc6c97d06836725537a2c3cfe013", "format-version": 4, "code-base-name": "frontend_app", "filename": "frontend_app/vite.config.ts", "revision_history": [{"33": ""}]}