{"is_source_file": true, "format": "TypeScript (TSX)", "description": "React functional component for a login page, managing user input, validation, Redux dispatch, and navigation.", "external_files": ["../../components/PageShell/PageShell", "../../components", "../../store/hooks", "../../features/auth/authSlice", "./LoginPage.module.css", "react", "react-router-dom"], "external_methods": ["useNavigate", "useLocation", "useAppDispatch", "useAppSelector", "loginRequested", "selectAuthError", "selectAuthStatus"], "published": ["LoginPage"], "classes": [], "methods": [{"name": "safeNextPath", "description": "Determines the safe redirection path after login based on location state."}, {"name": "validate", "description": "Validates login form values, checking email format and password length."}], "calls": ["useNavigate", "useLocation", "useAppDispatch", "useAppSelector", "loginRequested", "selectAuthError", "selectAuthStatus", "navigate", "setErrors", "dispatch", "validate"], "search-terms": ["LoginPage", "authSlice", "useAppDispatch", "useAppSelector", "react-router-dom", "validates", "loginRequested", "useLocation", "useNavigate", "LoginFormValues", "LoginFormErrors"], "state": 2, "file_id": 25, "knowledge_revision": 114, "git_revision": "4a50de6d73674bdb2a2c1c3e6f2d5de4d1eb3fbb", "revision_history": [{"64": "ea959781a9fd3d2bf64f7d2ac2993f6adf13af80"}, {"94": "ea959781a9fd3d2bf64f7d2ac2993f6adf13af80"}, {"114": "4a50de6d73674bdb2a2c1c3e6f2d5de4d1eb3fbb"}], "ctags": [], "hash": "7a9d29dff2b50491bec67bbc21cff836", "format-version": 4, "code-base-name": "frontend_app", "filename": "frontend_app/src/pages/Login/LoginPage.tsx"}