{"is_source_file": true, "format": "TypeScript", "description": "This file defines custom hooks for integrating React components with the Redux store, specifically typed versions for dispatching actions and selecting state.", "external_files": ["./store"], "external_methods": ["useDispatch", "useSelector"], "published": ["useAppDispatch", "useAppSelector"], "classes": [], "methods": [{"name": "export function useAppDispatch(): AppDispatch { useAppDispatch", "description": "Returns a typed version of the Redux dispatch Hook for the application.", "scope": "", "scopeKind": ""}, {"name": "useAppSelector", "description": "A typed selector hook for selecting state from the Redux store."}], "calls": ["useDispatch<AppDispatch>()", "useSelector"], "search-terms": ["react-redux hooks", "typed useDispatch", "typed useSelector", "Redux store hooks", "hooks.ts"], "state": 2, "file_id": 36, "knowledge_revision": 81, "git_revision": "", "ctags": [{"_type": "tag", "name": "useAppDispatch", "path": "/home/kavia/workspace/code-generation/secure-user-authentication-platform-230652-230661/frontend_app/src/store/hooks.ts", "pattern": "/^export function useAppDispatch(): AppDispatch {$/", "language": "TypeScript", "kind": "function"}, {"_type": "tag", "name": "useAppSelector", "path": "/home/kavia/workspace/code-generation/secure-user-authentication-platform-230652-230661/frontend_app/src/store/hooks.ts", "pattern": "/^export const useAppSelector: TypedUseSelectorHook<RootState> = useSelector;$/", "language": "TypeScript", "kind": "constant"}], "hash": "84677b3dac1bfceb4de643ba67631107", "format-version": 4, "code-base-name": "frontend_app", "filename": "frontend_app/src/store/hooks.ts", "revision_history": [{"81": ""}]}