{"is_source_file": true, "format": "TypeScript (React JSX)", "description": "This file defines a React component for a user registration page, including form handling, styling, and navigation logic.", "external_files": ["../../components/PageShell/PageShell", "./RegisterPage.module.css"], "external_methods": ["useNavigate", "React.useState"], "published": ["RegisterPage"], "classes": [], "methods": [{"name": "RegisterPage", "description": "React functional component rendering a registration form with email and password fields, handling form submission and navigation."}], "calls": ["useNavigate()", "setEmail()", "setPassword()", "navigate()", "e.preventDefault()"], "search-terms": ["RegisterPage", "React JSX registration form", "useNavigate React hook", "PageShell component", "Registration form styling"], "state": 3, "file_id": 27, "knowledge_revision": 66, "git_revision": "ea959781a9fd3d2bf64f7d2ac2993f6adf13af80", "ctags": [], "hash": "3dbe6a620aa25a2dc784db3f0390777f", "format-version": 4, "code-base-name": "frontend_app", "filename": "frontend_app/src/pages/Register/RegisterPage.tsx", "revision_history": [{"66": "ea959781a9fd3d2bf64f7d2ac2993f6adf13af80"}]}