{"is_source_file": false, "format": null, "description": null, "external_files": [], "external_methods": [], "published": [], "classes": [], "methods": [], "calls": [], "search-terms": [], "state": 2, "file_id": 47, "knowledge_revision": 121, "git_revision": "4a50de6d73674bdb2a2c1c3e6f2d5de4d1eb3fbb", "hash": "f2f9e1eec29d168aef75e60f78b3fcf0", "format-version": 4, "code-base-name": "frontend_app", "filename": "frontend_app/src/components/ErrorBoundary/ErrorBoundary.module.css", "revision_history": [{"121": "4a50de6d73674bdb2a2c1c3e6f2d5de4d1eb3fbb"}]}