{"is_source_file": false, "format": "", "description": "", "external_files": [], "external_methods": [], "published": [], "classes": [], "methods": [], "calls": [], "search-terms": ["PageShell", "PageShell.module.css", "CSS styles", "CSS class"], "state": 2, "file_id": 24, "knowledge_revision": 63, "git_revision": "ea959781a9fd3d2bf64f7d2ac2993f6adf13af80", "hash": "5a998f586021929080d239f9cffe0eb2", "format-version": 4, "code-base-name": "frontend_app", "filename": "frontend_app/src/components/PageShell/PageShell.module.css", "revision_history": [{"63": "ea959781a9fd3d2bf64f7d2ac2993f6adf13af80"}]}