{"is_source_file": true, "format": "TypeScript/TSX", "description": "React component for the Dashboard page in a protected user authentication area, displaying user info and logout functionality.", "external_files": ["../../components/PageShell/PageShell", "../../auth/tokenStorage", "../../store/hooks", "../../features/auth/authSlice", "./DashboardPage.module.css"], "external_methods": ["useNavigate", "clearAuthToken", "useAppDispatch", "useAppSelector", "logoutRequested", "selectAuthStatus", "selectCurrentUser"], "published": ["DashboardPage"], "classes": [], "methods": [{"name": "DashboardPage", "description": "React functional component that renders the Dashboard page, showing user info and logout button."}], "calls": ["useNavigate", "clearAuthToken", "useAppDispatch", "useAppSelector", "dispatch", "navigate"], "search-terms": ["DashboardPage", "React", "protected area", "auth status", "logout", "user email", "PageShell", "tokenStorage", "authSlice"], "state": 2, "file_id": 29, "knowledge_revision": 101, "git_revision": "063a71fa79ccb7fe371457108ce8af9712ad03eb", "revision_history": [{"68": "ea959781a9fd3d2bf64f7d2ac2993f6adf13af80"}, {"101": "063a71fa79ccb7fe371457108ce8af9712ad03eb"}], "ctags": [], "hash": "6ce6b6b558a07394a0dc102c3eb03f79", "format-version": 4, "code-base-name": "frontend_app", "filename": "frontend_app/src/pages/Dashboard/DashboardPage.tsx"}