{"is_source_file": false, "format": "", "description": "", "external_files": [], "external_methods": [], "published": [], "classes": [], "methods": [], "calls": [], "search-terms": [], "state": 2, "file_id": 50, "knowledge_revision": 130, "git_revision": "64a25b2f0834ee5bfe178821a1ee6bda1930ebe8", "hash": "e19416ba241b9936c4b7aebbaaedc0a5", "format-version": 4, "code-base-name": "frontend_app", "filename": "frontend_app/src/styles/theme.css", "revision_history": [{"130": "64a25b2f0834ee5bfe178821a1ee6bda1930ebe8"}]}