{"is_source_file": true, "format": "TypeScript (TSX)", "description": "This file defines the main application component for a React single-page application, setting up routing, layout, and error boundary handling.", "external_files": ["./components", "./layouts/AppLayout", "./routes/ProtectedRoute", "./pages/Login/LoginPage", "./pages/Register/RegisterPage", "./pages/Dashboard/DashboardPage", "./pages/Events/EventsPage", "./App.css"], "external_methods": ["React.JSX.Element", "Navigate", "Route", "Routes"], "published": ["App"], "classes": [], "methods": [{"name": "App", "description": "Main application component that sets up routing and layout for the SPA."}], "calls": ["React", "Navigate", "Route", "Routes", "ErrorBoundary", "AppLayout", "LoginPage", "RegisterPage", "ProtectedRoute", "DashboardPage", "EventsPage"], "search-terms": ["App.tsx", "React routing", "ProtectedRoute", "ErrorBoundary", "SPA navigation", "Layout component", "Path definitions"], "state": 3, "file_id": 18, "knowledge_revision": 116, "git_revision": "4a50de6d73674bdb2a2c1c3e6f2d5de4d1eb3fbb", "revision_history": [{"38": ""}, {"56": "ea959781a9fd3d2bf64f7d2ac2993f6adf13af80"}, {"116": "4a50de6d73674bdb2a2c1c3e6f2d5de4d1eb3fbb"}], "ctags": [], "hash": "3b248527cd3e8d52d209713306152f7f", "format-version": 4, "code-base-name": "frontend_app", "filename": "frontend_app/src/App.tsx"}