{"is_source_file": false, "format": "", "description": "", "external_files": [], "external_methods": [], "published": [], "classes": [], "methods": [], "calls": [], "search-terms": [], "state": 2, "file_id": 11, "knowledge_revision": 19, "git_revision": "950cc8a4ece4e2bdf6c4b22e9b16e865f69f039f", "hash": "d9d975cebe2ec20b6c652e1e4c12ccf0", "format-version": 4, "code-base-name": "frontend_app", "filename": "frontend_app/public/manifest.json", "revision_history": [{"19": "950cc8a4ece4e2bdf6c4b22e9b16e865f69f039f"}]}