{"is_source_file": true, "format": "TypeScript/TSX", "description": "This file defines the LoginPage component for a React application, managing user login flow with form inputs, navigation, and token storage.", "external_files": ["../../components/PageShell/PageShell", "../../auth/tokenStorage", "./LoginPage.module.css", "react", "react-router-dom"], "external_methods": ["useNavigate", "useLocation", "setAuthToken"], "published": ["LoginPage"], "classes": [], "methods": [{"name": "safeNextPath", "description": "Determines the next navigation path based on location state, defaults to '/dashboard'."}, {"name": "LoginPage", "description": "Main React component rendering the login form and handling login logic."}], "calls": ["useNavigate", "useLocation", "useMemo", "setAuthToken", "navigate"], "search-terms": ["LoginPage", "react-router-dom", "setAuthToken", "useLocation", "useNavigate", "form", "login", "token storage", "React"], "state": 2, "file_id": 25, "knowledge_revision": 64, "git_revision": "ea959781a9fd3d2bf64f7d2ac2993f6adf13af80", "ctags": [], "hash": "dbbf5f15b427a7e1b8612132cceb6508", "format-version": 4, "code-base-name": "frontend_app", "filename": "frontend_app/src/pages/Login/LoginPage.tsx", "revision_history": [{"64": "ea959781a9fd3d2bf64f7d2ac2993f6adf13af80"}]}