{"is_source_file": true, "format": "TypeScript (TSX)", "description": "This file is the main entry point for a React application written in TypeScript/TSX. It initializes and renders the root React component into the DOM, setting up context providers like Redux and React Router.", "external_files": ["./styles/theme.css", "./index.css", "./App", "./store/store"], "external_methods": ["ReactDOM.createRoot", "React.StrictMode", "Provider", "BrowserRouter", "ReactDOM.createRoot().render"], "published": [], "classes": [], "methods": [{"name": "ReactDOM.createRoot", "description": "Creates a root for rendering React components into the DOM."}, {"name": "React.StrictMode", "description": "A wrapper component that activates additional checks and warnings for its children."}, {"name": "Provider", "description": "Provides the Redux store to the React component tree."}, {"name": "BrowserRouter", "description": "Uses HTML5 history API to keep UI in sync with URL."}, {"name": "ReactDOM.createRoot().render", "description": "Renders React elements into the DOM root."}], "calls": ["ReactDOM.createRoot", "ReactDOM.createRoot().render"], "search-terms": ["main.tsx", "ReactDOM", "App component", "Redux store", "React Router", "entry point"], "state": 2, "file_id": 17, "knowledge_revision": 126, "git_revision": "7d8f5530fee81e3d685671e42d022ffe082d3994", "revision_history": [{"37": ""}, {"57": "ea959781a9fd3d2bf64f7d2ac2993f6adf13af80"}, {"77": "ea959781a9fd3d2bf64f7d2ac2993f6adf13af80"}, {"126": "7d8f5530fee81e3d685671e42d022ffe082d3994"}], "ctags": [], "hash": "a23c5d1e97990fb03d20b4bdc3c98bdd", "format-version": 4, "code-base-name": "frontend_app", "filename": "frontend_app/src/main.tsx"}