{"is_source_file": false, "format": "", "description": "", "external_files": [], "external_methods": [], "published": [], "classes": [], "methods": [], "calls": [], "search-terms": [], "state": 2, "file_id": 26, "knowledge_revision": 65, "git_revision": "ea959781a9fd3d2bf64f7d2ac2993f6adf13af80", "hash": "a7541092fe49d3639eb9a0718bc63b8b", "format-version": 4, "code-base-name": "frontend_app", "filename": "frontend_app/src/pages/Login/LoginPage.module.css", "revision_history": [{"65": "ea959781a9fd3d2bf64f7d2ac2993f6adf13af80"}]}