{"is_source_file": true, "file_id": 40, "git_revision": "", "state": 1, "description": "", "external_files": [], "external_methods": [], "published": [], "classes": [], "methods": [], "calls": [], "search-terms": [], "ctags": [{"_type": "tag", "name": "authSaga", "path": "/home/kavia/workspace/code-generation/secure-user-authentication-platform-230652-230661/frontend_app/src/features/auth/authSaga.ts", "pattern": "/^export function* authSaga(): Generator {$/", "language": "TypeScript", "kind": "generator"}, {"_type": "tag", "name": "handleLoadMe", "path": "/home/kavia/workspace/code-generation/secure-user-authentication-platform-230652-230661/frontend_app/src/features/auth/authSaga.ts", "pattern": "/^function* handleLoadMe(_action: ReturnType<typeof loadMeRequested>): Generator {$/", "language": "TypeScript", "kind": "generator"}, {"_type": "tag", "name": "handleLogin", "path": "/home/kavia/workspace/code-generation/secure-user-authentication-platform-230652-230661/frontend_app/src/features/auth/authSaga.ts", "pattern": "/^function* handleLogin(action: ReturnType<typeof loginRequested>): Generator {$/", "language": "TypeScript", "kind": "generator"}, {"_type": "tag", "name": "handleLogout", "path": "/home/kavia/workspace/code-generation/secure-user-authentication-platform-230652-230661/frontend_app/src/features/auth/authSaga.ts", "pattern": "/^function* handleLogout(_action: ReturnType<typeof logoutRequested>): Generator {$/", "language": "TypeScript", "kind": "generator"}, {"_type": "tag", "name": "handleRegister", "path": "/home/kavia/workspace/code-generation/secure-user-authentication-platform-230652-230661/frontend_app/src/features/auth/authSaga.ts", "pattern": "/^function* handleRegister(action: ReturnType<typeof registerRequested>): Generator {$/", "language": "TypeScript", "kind": "generator"}, {"_type": "tag", "name": "isAxiosErrorWithStatus", "path": "/home/kavia/workspace/code-generation/secure-user-authentication-platform-230652-230661/frontend_app/src/features/auth/authSaga.ts", "pattern": "/^function isAxiosErrorWithStatus(error: unknown): error is AxiosError {$/", "language": "TypeScript", "kind": "function"}, {"_type": "tag", "name": "msg", "path": "/home/kavia/workspace/code-generation/secure-user-authentication-platform-230652-230661/frontend_app/src/features/auth/authSaga.ts", "pattern": "/^    const msg = (error as { message?: unknown }).message;$/", "language": "TypeScript", "kind": "constant", "scope": "toErrorMessage", "scopeKind": "function"}, {"_type": "tag", "name": "res", "path": "/home/kavia/workspace/code-generation/secure-user-authentication-platform-230652-230661/frontend_app/src/features/auth/authSaga.ts", "pattern": "/^    const res = (yield call(getMe)) as Awaited<ReturnType<typeof getMe>>;$/", "language": "TypeScript", "kind": "constant", "scope": "handleLoadMe", "scopeKind": "generator"}, {"_type": "tag", "name": "res", "path": "/home/kavia/workspace/code-generation/secure-user-authentication-platform-230652-230661/frontend_app/src/features/auth/authSaga.ts", "pattern": "/^    const res = (yield call(login, action.payload)) as Awaited<ReturnType<typeof login>>;$/", "language": "TypeScript", "kind": "constant", "scope": "handleLogin", "scopeKind": "generator"}, {"_type": "tag", "name": "res", "path": "/home/kavia/workspace/code-generation/secure-user-authentication-platform-230652-230661/frontend_app/src/features/auth/authSaga.ts", "pattern": "/^    const res = (yield call(register, action.payload)) as Awaited<ReturnType<typeof register>>;$/", "language": "TypeScript", "kind": "constant", "scope": "handleRegister", "scopeKind": "generator"}, {"_type": "tag", "name": "toErrorMessage", "path": "/home/kavia/workspace/code-generation/secure-user-authentication-platform-230652-230661/frontend_app/src/features/auth/authSaga.ts", "pattern": "/^function toErrorMessage(error: unknown): string {$/", "language": "TypeScript", "kind": "function"}], "format": "TypeScript", "hash": "d8951308641aa3f203df41aa79080c11", "format-version": 4, "code-base-name": "frontend_app", "filename": "frontend_app/src/features/auth/authSaga.ts", "knowledge_revision": 88}